,Applicant_Full_Name,Patent_Duration,Exclusivity_Duration
0,3D IMAGING DRUG DESIGN AND DEVELOPMENT LLC,,
1,3M CO,,
2,3M HEALTH CARE INC,,
3,3M HEALTH CARE INFECTION PREVENTION DIV,,7.452429842573579
4,3M MEDICAL PRODUCTS DIV,,
5,3M PHARMACEUTICALS INC,,
6,60 DEGREES PHARMACEUTICALS INC,17.31690622861054,
7,AADI SUBSIDIARY INC,13.18940060623839,7.000684462696783
8,AAIPHARMA LLC,,
9,ABANA PHARMACEUTICALS INC,,
10,ABBOTT LABORATORIES,,
11,ABBOTT LABORATORIES HOSP PRODUCTS DIV,,
12,ABBOTT LABORATORIES PHARMACEUTICAL PRODUCTS DIV,,
13,ABBVIE,,
14,ABBVIE ENDOCRINE INC,12.288843258042437,3.0006844626967832
15,ABBVIE INC,15.104257571868583,7.286486242646797
16,ABC HOLDING CORP,,
17,ABHAI INC,,
18,ABHAI LLC,,
19,ABIC LTD,,
20,ABLE LABORATORIES INC,,
21,ABON PHARMACEUTICALS LLC,,
22,ABRAXIS PHARMACEUTICAL PRODUCTS,,
23,ACACIA PHARMA LTD,11.71110198494182,4.856728268309378
24,ACADIA PHARMACEUTICALS INC,13.731120237280402,6.0013689253935665
25,ACCELRX LABS LLC,,
26,ACCORD BIOPHARMA INC,10.221492128678987,
27,ACCORD HEALTHCARE INC,,
28,ACCORD HEALTHCARE INC USA,,
29,ACELLA PHARMACEUTICALS LLC,,
30,ACER THERAPEUTICS INC,13.820670773442847,
31,ACERTIS PHARMACEUTICALS LLC,,
32,ACERUS PHARMACEUTICALS CORP,19.802874743326488,
33,ACERUS PHARMACEUTICALS USA LLC,13.284052019164955,
34,ACINO PRODUCTS LLC,,
35,ACLARIS THERAPEUTICS INC,17.390280629705682,
36,ACQ PHARMA LLC,,
37,ACROTECH BIOPHARMA INC,15.505179101072326,
38,ACROTECH BIOPHARMA LLC,,
39,ACRUX DDS PTY LTD,,
40,ACS DOBFAR SPA,,
41,ACTAVIS ELIZABETH LLC,,
42,ACTAVIS ELIZABETH LLC AN INDIRECT WHOLLY OWNED SUB OF TEVA PHARMACEUTICALS USA INC,,
43,ACTAVIS GROUP PTC EHF,,
44,ACTAVIS INC,,
45,ACTAVIS LABORATORIES FL INC,,
46,ACTAVIS LABORATORIES FL INC AN INDIRECT WHOLLY OWNED SUB OF TEVA PHARMACEUTICALS USA INC,,
47,ACTAVIS LABORATORIES INC AN INDIRECT WHOLLY OWNED SUB OF TEVA PHARMACEUTICALS USA INC,,
48,ACTAVIS LABORATORIES UT INC,,
49,ACTAVIS LABORATORIES UT INC INDIRECT WHOLLY OWNED SUB OF TEVA PHARMACEUTICALS USA INC,,
50,ACTAVIS LLC,,
51,ACTAVIS LLC AN INDIRECT WHOLLY OWNED SUB OF TEVA PHARMACEUTICALS USA INC,,
52,ACTAVIS MID ATLANTIC LLC,,
53,ACTAVIS MID ATLANTIC LLC AN INDIRECT WHOLLY OWNED SUB OF TEVA PHARMACEUTICALS USA INC,,
54,ACTAVIS PHARMA INC AN INDIRECT WHOLLY OWNED SUB OF TEVA PHARMACEUTICALS USA INC,,
55,ACTAVIS TOTOWA LLC,,
56,ACTAVIS TOTOWA LLC AN INDIRECT WHOLLY OWNED SUB OF TEVA PHARMACEUTICALS USA INC,,
57,ACTELION PHARMACEUTICALS US INC,13.161396303901437,7.752305028787696
58,ADALVO LTD,18.017796030116358,
59,ADAMIS PHARMACEUTICALS CORP,18.706365503080082,
60,ADAPT PHARMA OPERATIONS LTD,,
61,ADAPTIS PHARMA PRIVATE LTD,,
62,ADARE PHARMACEUTICALS INC,,
63,ADHERA THERAPEUTICS INC,14.704996577686517,
64,ADIENNE SA,,
65,ADRASTEA PHARMA LLC,,
66,ADVANCED ACCELERATOR APPLICATIONS USA INC,20.63977890563455,9.242984257357975
67,ADVANZ PHARMA (US) CORP,,
68,AEGIS PHARMACEUTICALS INC,,
69,AESGEN INC,,
70,AET PHARMA US INC,,
71,AFAXYS PHARMA LLC,,
72,AFT PHARMACEUTICALS US INC,11.517225644535706,3.0006844626967832
73,AGEPHA PHARMA FZ LLC,10.422313483915127,
74,AGGREGA PHARMA LLC,,
75,AGILA SPECIALTIES PRIVATE LTD,,
76,AGILE THERAPEUTICS INC,8.445357061373487,
77,AGIOS PHARMACEUTICALS INC,12.703323446649936,6.0
78,AGNITIO INC,,
79,AGOURON PHARMACEUTICALS LLC,,
80,AH ROBINS CO,,
81,AH ROBINS INC,,
82,AILEX PHARMACEUTICALS LLC,,
83,AIPING PHARMACEUTICAL INC,,
84,AIRGAS THERAPEUTICS LLC,,
85,AIZANT DRUG RESEARCH SOLUTIONS PRIVATE LTD,,
86,AIZANT DRUG RESEARCH SOLUTIONS PVT LTD,,
87,AJANTA PHARMA LTD,,
88,AJENAT PHARMACEUTICALS LLC,,
89,AKARX INC,9.1854893908282,8.098562628336756
90,AKCEA THERAPEUTICS INC,11.04517453798768,7.000684462696783
91,AKEBIA THERAPEUTICS INC,7.527826041173064,4.999315537303217
92,AKORN OPERATING CO LLC,,
93,ALCON LABORATORIES INC,12.959907079003589,
94,ALCON LABORATORIES LTD,,
95,ALCON PHARMACEUTICALS LTD,,
96,ALCON RESEARCH LLC,,
97,ALCON RESEARCH LTD,,
98,ALEMBIC GLOBAL HOLDING SA,,
99,ALEMBIC LTD,,
100,ALEMBIC PHARMACEUTICALS LTD,,
101,ALEXION PHARMACEUTICALS INC,12.626967830253252,5.998631074606434
102,ALEXZA PHARMACEUTICALS INC,13.83709787816564,
103,ALFASIGMA USA INC,,
104,ALIGNSCIENCE PHARMA INC,,
105,ALIMERA SCIENCES INC,11.26899383983573,
106,ALK-ABELLO INC,16.61498973305955,
107,ALKALOIDA CHEMICAL CO ZRT,,
108,ALKEM LABORATORIES LTD,,
109,ALKERMES GAINESVILLE LLC,,
110,ALKERMES INC,14.809034907597537,4.999315537303217
111,ALKOPHARMA USA INC,,
112,ALLECRA THERAPEUTICS SAS,7.242984257357974,7.501711156741957
113,ALLEGIANCE HEALTHCARE CORP,,
114,ALLERGAN,,
115,ALLERGAN HERBERT DIV ALLERGAN INC,,
116,ALLERGAN HERBERT SKIN CARE DIV ALLERGAN INC,,
117,ALLERGAN INC,,
118,ALLERGAN PHARMACEUTICAL,,
119,ALLERGAN PHARMACEUTICALS INTERNATIONAL LTD,18.36858316221766,
120,ALLERGAN SALES LLC,15.037645448323067,
121,ALLIANCE PHARMACEUTICAL CORP,,
122,ALLIED PHARMA INC,,
123,ALMAJECT INC,,
124,ALMATICA PHARMA INC,,
125,ALMATICA PHARMA LLC,10.974948665297742,
126,ALMIRALL LLC,12.288967705805488,5.738535249828884
127,ALNYLAM PHARMACEUTICALS INC,11.970339949806068,6.486818907763466
128,ALPHA COGNITION INC,13.134382842801735,
129,ALPHA THERAPEUTIC CORP,,
130,ALPHARMA PHARMACEUTICALS LLC,17.73123431439653,
131,ALPHARMA US PHARMACEUTICALS DIVISION,,
132,ALPHARMA USPD INC,,
133,ALRA LABORATORIES INC,,
134,ALTAIRE PHARMACEUTICALS INC,,
135,ALTANA INC,,
136,ALTATHERA PHARMACEUTICALS LLC,29.531827515400412,
137,ALTHERA PHARMACEUTICALS LLC,12.106776180698152,
138,ALVOGEN INC,,
139,ALVOGEN MALTA OPERATIONS LTD,,
140,ALVOGEN PINE BROOK INC,,
141,ALZA CORP,,
142,AMAG PHARMACEUTICALS INC,,
143,AMARIN PHARMACEUTICALS INC,,
144,AMARIN PHARMACEUTICALS IRELAND LTD,16.584804928131415,
145,AMBIX LABORATORIES DIV ORGANICS CORP AMERICA,,
146,AMERICAN REGENT INC,13.676903186554112,6.974674880219028
147,AMERICAN THERAPEUTICS INC,,
148,AMGEN INC,16.724216290212183,9.720354209445585
149,AMICI PHARMA INC,,
150,AMICUS THERAPEUTICS US LLC,17.11669111176298,6.543541605553926
151,AMIVAS INC,23.72621492128679,5.998631074606434
152,AMNEAL EU LTD,,
153,AMNEAL PHARMACEUTICAL,,
154,AMNEAL PHARMACEUTICALS,,
155,AMNEAL PHARMACEUTICALS CO GMBH,,
156,AMNEAL PHARMACEUTICALS HOLDINGS GMBH,,
157,AMNEAL PHARMACEUTICALS LLC,13.54707670757525,5.345653661875428
158,AMNEAL PHARMACEUTICALS NY LLC,,
159,AMNEAL PHARMACEUTICALS OF NEW YORK LLC,,
160,AMNEAL PHARMACEUTICALS OF NY LLC,,
161,AMNEALS PHARMACEUTICALS LLC,,
162,AMPHASTAR PHARMACEUTICAL INC,,
163,AMPHASTAR PHARMACEUTICALS INC,18.3937942048825,3.0006844626967832
164,AMRING PHARMACEUTICALS INC,15.304585900068446,
165,AMTA LABS LTD,,
166,AMYLYX PHARMACEUTICALS INC,12.554140999315537,6.0
167,ANABOLIC INC,,
168,ANACOR PHARMACEUTICALS INC,11.745379876796715,9.300479123887747
169,ANBEX INC,,
170,ANBISON LABORATORY CO LTD,,
171,ANCHEN PHARMACEUTICALS INC,,
172,ANDA REPOSITORY LLC,,
173,ANDAS 5 HOLDING LLC,,
174,ANDOR PHARMACEUTICALS LLC,,
175,ANDRX LABS LLC,,
176,ANGELINI PHARMA INC,18.125941136208077,
177,ANGUS CHEMICAL CO,,
178,ANI PHARMACEUTICALS INC,19.308692676249144,
179,ANIKA THERAPEUTICS INC,,
180,ANIMA PHARMACEUTICALS PVT LTD,,
181,ANNORA PHARMA PRIVATE LTD,,
182,ANTARES PHARMA INC,12.91170431211499,
183,ANTHEA PHARMA PRIVATE LTD,,
184,ANTIBIOTICE SA,,
185,ANTRIM PHARMACEUTICALS LLC,,
186,AOP ORPHAN PHARMACEUTICALS AG,,4.999315537303217
187,APDM PHARMACEUTICALS PRIVATE LTD,,
188,APELLIS PHARMACEUTICALS INC,10.487511666977786,4.597946611909651
189,APNAR PHARMA LP,,
190,APOTEX CORP,,
191,APOTEX INC,12.865160848733744,6.907597535934291
192,APOTEX INC.,,
193,APOTHECON INC DIV BRISTOL MYERS SQUIBB,,
194,APOTHECON SUB BRISTOL MYERS SQUIBB CO,,
195,APOTHEKERNES LABORATORIUM A/S,,
196,APOZEAL PHARMACEUTICALS INC,,
197,APP PHARMACEUTICALS LLC,,
198,APPCO PHARMA LLC,,0.5229295003422314
199,APPLIED ANALYTICAL INDUSTRIES,,
200,APRECIA PHARMACEUTICALS LLC,18.62012320328542,
201,APTALIS PHARMA US INC,,
202,AQUESTIVE THERAPEUTICS INC,19.71252566735113,
203,ARBOR PHARMACEUTICALS INC,,
204,ARBOR PHARMACEUTICALS LLC,16.27378507871321,
205,ARBROOK INC,,
206,ARCO PHARMACEUTICALS LLC,,
207,ARCUM PHARMACEUTICAL CORP,,
208,ARCUTIS BIOTHERAPEUTICS INC,14.1110270542887,3.291184840952484
209,ARDELYX INC,9.245037645448324,3.0006844626967832
210,AREVA PHARMACEUTICALS INC,,
211,ARISE PHARMACEUTICALS LLC,,
212,ARMOUR PHARMACEUTICAL CO,,
213,ARMSTRONG PHARMACEUTICALS INC,7.219712525667351,
214,ARRAY BIOPHARMA INC,12.735190422688001,9.051592990068835
215,ARROW INTERNATIONAL LTD,,
216,ARS PHARMACEUTICALS OPERATIONS INC,13.92392686027183,
217,ARTHUR GROUP LLC,,
218,ASCEND THERAPEUTICS US LLC,,
219,ASCENDIS PHARMA BONE DISEASES AS,12.067077344284735,5.9986310746064335
220,ASCENT PHARMACEUTICALS INC,,
221,ASCOT HOSP PHARMACEUTICALS INC DIV TRAVENOL LABORATORIES INC,,
222,ASPEN GLOBAL INC,,
223,ASPEN PHARMA USA INC,,
224,ASPIRO PHARMA LTD,,
225,ASSERTIO THERAPEUTICS INC,18.614647501711154,
226,ASTA MEDICA INC,,
227,ASTELLAS PHARMA GLOBAL DEVELOPMENT INC,16.993687732907446,
228,ASTELLAS PHARMA US INC,9.543254239866151,9.149133712348732
229,ASTRAL STERITECH PVT LTD,,
230,ASTRAZENECA AB,13.112669104553722,11.752537872228132
231,ASTRAZENECA LP,,
232,ASTRAZENECA PHARMACEUTICALS LP,13.022690892828413,8.766384534481896
233,ASTRAZENECA UK LTD,14.036008689700324,8.361158229919948
234,ATHEM HOLDINGS LLC,,
235,ATHENA BIOSCIENCE LLC,18.74176200254229,
236,ATLAS PHARMACEUTICALS LLC,,
237,ATNAHS PHARMA US LTD,,
238,ATON PHARMA INC,,
239,AUCTA PHARMACEUTICALS INC,17.089664613278575,
240,AURINIA PHARMACEUTICALS INC,12.826830937713895,4.999315537303217
241,AUROBINDO PHARMA LIMITED,,
242,AUROBINDO PHARMA LTD,,0.5311430527036276
243,AUROBINDO PHARMA LTD INC,,
244,AUROBINDO PHARMA USA INC,,
245,AUROLIFE PHARMA LLC,,
246,AUSTARPHARMA LLC,,
247,AUXILIUM PHARMACEUTICALS LLC,,
248,AVACOR PRODUCTS LLC,,
249,AVADEL CNS PHARMACEUTICALS LLC,14.626839127865823,6.15377595254392
250,AVANIR PHARMACEUTICALS INC,15.789185489390828,
251,AVANTHI INC,,
252,AVEMA PHARMA SOLUTIONS,,
253,AVENT INC,,
254,AVEO PHARMACEUTICALS INC,10.157426420260096,4.999315537303217
255,AVERITAS PHARMA INC,18.41387177732147,
256,AVET LIFESCIENCES LTD,,
257,AVET LIFESCIENCES PRIVATE LTD,,
258,AVET PHARMACEUTICALS INC,,
259,AVEVA DRUG DELIVERY SYSTEMS INC,,
260,AVID RADIOPHARMACEUTICALS INC,13.417659137577001,4.999315537303217
261,AVION PHARMACEUTICALS LLC,15.376454483230663,
262,AVIV PHARMA INC,,
263,AVONDALE PHARMACEUTICALS LLC,,
264,AVYXA HOLDINGS LLC,12.630618297969427,
265,AXSOME MALTA LTD,19.069635073309556,7.000684462696783
266,AXSOME THERAPEUTICS INC,12.494880498400592,2.9996507843383764
267,AYANA PHARMA LTD,,
268,AYRMID PHARMA LTD,18.308008213552363,6.001368925393566
269,AYTU BIOPHARMA INC,,
270,AYTU BIOSCIENCE INC,17.9502623773671,
271,AZURITY PHARMACEUTICALS INC,17.24345697979604,
272,B BETTER LLC,,
273,B BRAUN MEDICAL INC,12.574948665297741,
274,BAJAJ MEDICAL,,
275,BAJAJ MEDICAL LLC,,
276,BAKER NORTON PHARMACEUTICALS INC,,
277,BAMF HEALTH INC,,
278,BANNER LIFE SCIENCES LLC,14.833675564681725,
279,BANNER PHARMACAPS INC,,
280,BARADAINA LLC,,
281,BARLAN PHARMACAL CO INC,,
282,BARR LABORATORIES INC,,
283,BARR LABORATORIES INC A WHOLLY OWNED SUB OF TEVA PHARMACEUTICALS USA INC,,
284,BARR LABORATORIES INC SUB TEVA PHARMACEUTICALS USA,,
285,BARR LABORATORIES LLC (AN INDIRECT WHOLLY OWNED SUB OF TEVA PHARMACEUTICALS USA INC),,
286,BARR PHARMACEUTICALS,,
287,BASF CORP,,
288,BAUDAX BIO INC,13.774674880219028,
289,BAUSCH AND LOMB INC,12.917781005325454,5.002053388090349
290,BAUSCH AND LOMB IRELAND LTD,17.686516084873375,
291,BAUSCH AND LOMB PHARMACEUTICALS INC,,
292,BAUSCH HEALTH AMERICAS INC,15.925185251316847,
293,BAUSCH HEALTH IRELAND LTD,,
294,BAUSCH HEALTH US LLC,17.43149150644017,3.0006844626967832
295,BAXTER HEALTHCARE CORP,19.117885536776708,13.555099247091034
296,BAXTER HEALTHCARE CORP ANESTHESIA AND CRITICAL CARE,,
297,BAXTER HEALTHCARE CORP ANESTHESIA CRITICAL CARE,,
298,BAXTER HEALTHCARE INTERNATI0NAL SPECIALTY THERAPIES DIV,,
299,BAYER HEALTHCARE CONSUMER CARE,5.276751083732603,
300,BAYER HEALTHCARE LLC,,
301,BAYER HEALTHCARE PHARMACEUTICALS INC,15.109044302183571,6.809903006627602
302,BAYER PHARMACEUTICALS CORP,,
303,BE PHARMACEUTICALS AG,,
304,BEACH PRODUCTS INC,,
305,BECTON DICKINSON AND CO,21.191877709331507,
306,BECTON DICKINSON SURGICAL SYSTEM,,
307,BEDFORD LABORATORIES,,
308,BEDFORD LABORATORIES DIV BEN VENUE LABORATORIES INC,,
309,BEECHAM LABORATORIES DIV BEECHAM INC,,
310,BEIJING SCIECURE PHARMACEUTICAL CO LTD,,
311,BEIJING TIDE PHARMACEUTICAL CO LTD,,
312,BEIJING YILING BIO-ENGEERING AND TECHNOLOGY CO LTD,,
313,BEL MAR LABORATORIES INC,,
314,BELCHER PHARMACEUTICALS INC,,
315,BELCHER PHARMACEUTICALS LLC,,
316,BELCHER PHARMATECH LLC,,
317,BELL PHARMACAL CORP,,
318,BELMORA LLC,,
319,BELOTECA INC,,
320,BEN VENUE LABORATORIES INC,,
321,BENUVIA OPERATIONS LLC,11.373032169746748,
322,BEONE MEDICINES USA INC,18.435318275154003,8.51667155568593
323,BESINS HEALTHCARE IRELAND LTD,14.548026465890942,
324,BETA DERMACEUTICALS INC,,
325,BEXIMCO PHARMACEUTICALS USA INC,,
326,BF ASCHER AND CO INC,,
327,BH CHEMICALS INC,,
328,BIOCODEX SA,,8.266484143280858
329,BIOCON GENERICS INC,,
330,BIOCON LTD,,
331,BIOCON PHARMA INC,,
332,BIOCON PHARMA LTD,,
333,BIOCRYST PHARMACEUTICALS INC,15.632839799704602,5.9986310746064335
334,BIODELIVERY SCIENCES INTERNATIONAL INC,14.372088721164696,
335,BIOENVISION INC,,
336,BIOFRONTERA BIOSCIENCE GMBH,18.088980150581794,11.40041067761807
337,BIOGEN IDEC INC,13.866910031181078,
338,BIOGEN INC,16.852916571602403,5.002053388090349
339,BIOGEN MA INC,11.93429158110883,6.0013689253935665
340,BIOGEN US CORPORATION,7.3757700205338805,5.602555327401324
341,BIOGLAN LABORATORIES LTD,,
342,BIOMARIN PHARMACEUTICAL INC,14.03864388473397,6.458590006844627
343,BIOMEDICAL RESEARCH FOUNDATION NORTHWEST LOUISANA,,
344,BIONPHARMA INC,20.03832991101985,
345,BIOPHARM DISCOVERY LLC,,
346,BIOVAIL LABORATORIES INC,,
347,BIOVAIL LABORATORIES INTERNATIONAL SRL,,
348,BIOXCEL THERAPEUTICS INC,18.33096403938293,3.000684462696783
349,BLACKSMITH BRANDS INC,,
350,BLAIREX LABORATORIES INC,,
351,BLUE EARTH DIAGNOSTICS LTD,16.979603011635866,5.002053388090349
352,BLUE WATER BIOTECH INC,,
353,BLUEPRINT MEDICINES CORP,16.763281636923146,6.983389258943924
354,BLULINE LABORATORIES INC,,
355,BOCA PHARMACAL LLC,,
356,BOEHRINGER INGELHEIM,15.113392653433722,11.747205110654802
357,BOEHRINGER INGELHEIM CORP,,
358,BOEHRINGER INGELHEIM PHARMACEUTICALS INC,15.15296350818081,11.659583378363774
359,BOTANIX SB INC,9.908926198816282,5.004791238877481
360,BOWMAN PHARMACEUTICALS INC,,
361,BPI LABS LLC,,7.000684462696783
362,BRACCO DIAGNOSTICS INC,24.00912616929044,4.999315537303217
363,BRAEBURN INC,6.84394250513347,3.0006844626967832
364,BRAINTREE LABORATORIES INC,17.528177047684235,8.334017796030118
365,BRECKENRIDGE PHARMACEUTICAL INC,,
366,BRIDGEBIO PHARMA INC,10.272416153319645,5.9986310746064335
367,BRIGHAM AND WOMENS HOSP,,
368,BRIGHAM AND WOMENS HOSP INC,,
369,BRIGHT FUTURE PHARMACEUTICAL LABORATORIES LTD,,
370,BRIGHTGENE BIO-MEDICAL TECHNOLOGY CO LTD,,
371,BRISTOL LABORATORIES INC DIV BRISTOL MYERS CO,,
372,BRISTOL MYERS CO,,
373,BRISTOL MYERS PRODUCTS INC,,
374,BRISTOL MYERS SQUIBB,18.176895581413035,18.01140771161305
375,BRISTOL MYERS SQUIBB CO,15.262725324326968,12.269545138583721
376,BRISTOL MYERS SQUIBB CO PHARMACEUTICAL RESEARCH INSTITUTE,16.275154004106774,
377,BRISTOL MYERS SQUIBB PHARMA CO,,
378,BRISTOL MYERS SQUIBB SPA,,
379,BRISTOL-MYERS SQUIBB CO,14.382468778402396,6.2428917623989495
380,BROOKS STERISCIENCE LTD,,
381,BTCP PHARMA LLC,15.685262843315884,
382,BTG INTERNATIONAL INC,11.682409308692677,5.000684462696783
383,BWXT ITG CANADA INC,,
384,BWXT MEDICAL LTD,,
385,C AND M PHARMACAL INC,,
386,CADEMA MEDICAL PRODUCTS INC,,
387,CADENCE HEALTH,,
388,CADILA HEALTHCARE LTD,,
389,CADILA PHARMACEUTICALS LTD,,
390,CALGON CORP DIV MERCK AND CO INC,,
391,CALL INC DBA ROCHESTER PHARMACEUTICALS,,
392,CALLIDITAS THERAPEUTICS AB,17.677618069815196,8.00684462696783
393,CAMALL CO INC,,
394,CAPLIN STERILES LTD,,
395,CARACO PHARMACEUTICAL LABORATORIES LTD,,
396,CARDINAL HEALTH 414 LLC,,
397,CARDINAL HEALTH 414 LLC CARDINAL HEALTH NUCLEAR PHARMACY SERVICES,14.024640657084188,
398,CARDINAL HEALTH 418 INC,,
399,CAREFUSION 2200 INC,,
400,CARLISLE LABORATORIES INC,,
401,CARLSBAD TECHNOLOGY INC,,
402,CARMEL BIOSCIENCES INC,,
403,CARNEGIE PHARMACEUTICALS LLC,,
404,CARNRICK LABORATORIES INC DIV GW CARNRICK CO,,
405,CARWIN PHARMACEUTICAL ASSOCIATES LLC,,
406,CASI PHARMACEUTICALS INC,,
407,CASPER PHARMA LLC,,
408,CATALENT PHARMA SOLUTIONS LLC,,
409,CATALYST PHARMACEUTICALS INC,12.6072553045859,6.424682777865529
410,CEDIPROF INC,,
411,CELATOR PHARMACEUTICALS INC,11.431439653205567,10.655715263518138
412,CENCI POWDER PRODUCTS INC,,
413,CENTRAL PHARMACEUTICALS INC,,
414,CENTRAL RADIOPHARMACEUTICAL SERVICES INC,,
415,CENTURY PHARMACEUTICALS INC,,
416,CEPH INTERNATIONAL CORP,,
417,CEPHALON INC,18.390019289403273,15.774127310061601
418,CEPHALON LLC,21.72210814510609,
419,CEPHAZONE PHARMA LLC,,
420,CEROVENE INC,,
421,CF PHARMTECH INC,,
422,CHAMBERLIN PARENTERAL CORP,,
423,CHANGZHOU PHARMACEUTICAL FACTORY,,
424,CHAPTER 7 TRUSTEE OF GENTA INC,,
425,CHARTWELL INJECTABLES LLC,,
426,CHARTWELL LIFE MOLECULES LLC,,
427,CHARTWELL MOLECULAR HOLDINGS LLC,,
428,CHARTWELL MOLECULES LLC,,
429,CHARTWELL PHARMA NDA B2 HOLDINGS,,
430,CHARTWELL PHARMA SCIENCE LLC,,
431,CHARTWELL RX SCIENCES LLC,,
432,CHARTWELL SCHEDULED LLC,,
433,CHARTWELL STAR RX LLC,,
434,CHARTWELL TETRA LLC,,
435,CHASE CHEMICAL CO LP,,
436,CHASE LABORATORIES INC,,
437,CHATTEM INC,,
438,CHATTEM INC DBA SANOFI CONSUMER HEALTHCARE,16.582249600730094,
439,CHEMI SPA,,
440,CHEMISCHE FABRIK KREUSSLER & CO. GMBH,,
441,CHEMISTRY AND HEALTH FZ LLC,,
442,CHEMO RESEARCH SL,16.44118509826929,
443,CHEMOCENTRYX INC,13.827515400410679,6.0
444,CHENGDU SHUODE PHARMACEUTICAL CO LTD,,
445,CHENGDU SUNCADIA MEDICINE CO LTD,,
446,CHEPLAPHARM ARZNEIMITTEL GMBH,18.286105407255306,
447,CHEPLAPHARM REGISTRATION GMBH,,
448,CHESEBROUGH PONDS INC,,
449,CHIA TAI TIANQING PHARMACEUTICAL GROUP CO LTD,,
450,CHIESI FARMACEUTICI SPA,11.696026513923412,6.570841889117043
451,CHIESI USA INC,18.440970612262923,9.5668720054757
452,CHILDRENS HOSP MICHIGAN,,
453,CHINA RESOURCES DOUBLE CRANE PHARMACEUTICAL CO LTD,,
454,CHINA RESOURCES SAIKE PHARMACEUTICAL CO LTD,,
455,CHIRHOCLIN INC,,
456,CINTEX SERVICES LLC,,
457,CIPHER PHARMACEUTICALS INC,22.85284052019165,
458,CIPLA LTD,16.243668720054757,0.6331279945242985
459,CIPLA USA INC,11.041067761806982,7.500342231348391
460,CIS BIO INTERNATIONAL SA,,
461,CIS BIOINDUSTRIES COMPAGNIE,,
462,CISEN PHARMACEUTICAL CO LTD,,
463,CITIUS PHARMACEUTICALS LLC,17.489390828199863,
464,CITRUSPHRMA LLC,,
465,CIVICA INC,,
466,CLINIGEN HEALTHCARE LTD,,
467,CLINIGEN INC,,
468,CLINIPAD CORP,,
469,CLINUVEL INC,7.385352498288844,7.000684462696783
470,CLONMEL HEALTHCARE,,
471,CLONMEL HEALTHCARE LTD,,
472,CM BUNDY CO,,
473,CMG PHARMACEUTICAL CO LTD,,
474,CMP DEVELOPMENT LLC,17.415063249423277,
475,CMP PHARMA INC,,
476,COASTAL PHARMACEUTICALS,,
477,COLGATE ORAL PHARMACEUTICALS INC,,
478,COLGATE PALMOLIVE,,
479,COLGATE PALMOLIVE CO,,
480,COLGATE-PALMOLIVE CO,,
481,COLLAGENEX INC,,
482,COLLEGIUM PHARMACEUTICAL INC,14.975449743649348,16.89185489390828
483,COMBE INC,,
484,COMMAVE THERAPEUTICS SA,15.696554871092859,4.999315537303217
485,CONBA USA INC,,
486,CONCORD BIOTECH LTD,,
487,CONCORDIA PHARMACEUTICALS INC,,
488,CONSOLIDATED MIDLAND CORP,,
489,CONSOLIDATED PHARMACEUTICAL GROUP INC,,
490,CONTRACT PHARMACAL CORP,,
491,COOK IMAGING CORP,,
492,COOPERSURGICAL INC,,42.614647501711154
493,COPLEY PHARMACEUTICAL INC,,
494,CORCEPT THERAPEUTICS INC,24.125789033386567,
495,CORDEN PHARMA LATINA SPA,,
496,CORDENPHARMA,,
497,COREPHARMA LLC,,
498,CORIUM LLC,15.440731752846743,3.0006844626967832
499,CORMEDIX INC,9.957563312799453,7.501711156741957
500,CORNERSTONE BIOPHARMA INC,,
501,COSETTE PHARMACEUTICALS INC,14.201232032854211,
502,COSMO TECHNOLOGIES LTD,6.461327857631759,7.500342231348391
503,COVIDIEN,,
504,COVIS PHARMA GMBH,14.322153775952543,
505,CP PHARMACEUTICALS INTERNATIONAL CV,,
506,CREEKWOOD PHARMACEUTICALS LLC,,
507,CRESCITA THERAPEUTICS INC,24.54483230663929,
508,CROSSMEDIKA SA,,
509,CROWN LABORATORIES INC,,
510,CRYSTAL PHARMACEUTICAL SUZHOU CO LTD,,
511,CSPC OUYI PHARMACEUTICAL CO LTD,,
512,CSPC-NBP PHARMACEUTICAL CO LTD,,
513,CUBIST PHARMACEUTICALS INC,21.73305954825462,
514,CUBIST PHARMACEUTICALS LLC,15.291866301619896,11.589441418920929
515,CUMBERLAND PHARMACEUTICALS INC,18.655466367992037,13.065023956194388
516,CUMBERLAND SWAN INC,,
517,CURIUM US LLC,14.441478439425051,5.998631074606434
518,CURRAX PHARMACEUTICALS LLC,16.1165465501738,
519,CUSTOPHARM INC,,
520,CYCLE PHARMACEUTICALS LTD,14.876568560346795,
521,CYCLOMEDICA AUSTRALIA PTY LTD,,3.0006844626967832
522,CYPRESS PHARMACEUTICAL INC,,
523,DAEWOONG PHARMACEUTICAL CO LTD,,
524,DAIICHI PHARMACEUTICAL CORP,,
525,DAIICHI SANKYO INC,8.485672530847069,6.274636032336238
526,DAITO PHARMACEUTICAL CO LTD,,
527,DAITO PHARMACEUTICALS CO LTD,,
528,DANCO LABORATORIES LLC,,
529,DASH PHARMACEUTICALS LLC,,
530,DASH PHARMACEUTICALS LLC A FULLY OWNED SUB OF NATCO PHARMA LTD,,
531,DASTECH INTERNATIONAL INC,,
532,DAVA PHARMACEUTICALS INC,,
533,DAVIS AND GECK DIV AMERICAN CYANAMID CO,,
534,DAY ONE BIOPHARMACEUTICALS INC,9.222450376454484,5.998631074606434
535,DECATUR MEMORIAL HOSP,,
536,DECIPHERA PHARMACEUTICALS LLC,18.988861925206894,5.8623607740650865
537,DEL RAY LABORATORIES INC,,
538,DELCATH SYSTEMS INC,9.59397672826831,5.000684462696783
539,DELCOR ASSET CORP,,
540,DELL LABORATORIES INC,,
541,DEN-MAT HOLDINGS LLC,,
542,DENTSPLY PHARMACEUTICAL,,
543,DENTSPLY PHARMACEUTICAL INC,,
544,DEPOMED INC,,
545,DEPROCO INC,,
546,DERMAVANT SCIENCES INC,15.392943811834982,5.277207392197125
547,DERMIK LABORATORIES DIV AVENTIS PHARMACEUTICALS INC,,
548,DEVA HOLDING ANONIM SIRKETI,,
549,DEVA HOLDING AS,,
550,DEXCEL LTD,,
551,DEXCEL PHARMA TECHNOLOGIES LTD,18.331736253707508,7.000684462696783
552,DEY LP,,
553,DFB ONCOLOGY LTD,,
554,DHL LABORATORIES INC,,
555,DIAGNOSTICS AND DEVICES INC,,
556,DIAL CORP DIV GREYHOUND CO,,
557,DIALYSIS SUPPLIES INC,,
558,DIFGEN PHARMACEUTICALS LLC,,
559,DISCOVERY THERAPEUTICS LLC,,
560,DISTA PRODUCTS CO DIV ELI LILLY AND CO,,
561,DM GRAHAM LABORATORIES INC,,
562,DOCTOR REDDYS LABORATORIES LTD,,
563,DORC INTERNATIONAL BV,,
564,DOUGLAS PHARMACEUTICALS AMERICA LTD,15.23066392881588,
565,DOW PHARMACEUTICAL CORP SUB DOW CHEMICAL CO,,
566,DOW PHARMACEUTICAL SCIENCES,19.99726214921287,
567,DOWNSTATE CLINICAL PET CENTER,,
568,DR REDDYS LABORATORIES EU LTD,,
569,DR REDDYS LABORATORIES INC,15.110198494182066,
570,DR REDDYS LABORATORIES LIMITED,,
571,DR REDDYS LABORATORIES LTD,,
572,DR REDDYS LABORATORIES SA,,
573,DRAXIMAGE INC,,
574,DUCHESNAY INC,15.191942896255012,
575,DUNHALL PHARMACEUTICALS INC,,
576,DURAMED PHARMACEUTICALS INC SUB BARR LABORATORIES INC,,
577,DURAMED RESEARCH INC,,
578,DUTCH OPHTHALMIC RESEARCH CENTER INTERNATIONAL BV,,7.000684462696783
579,DYNAPHARM INC,,
580,E FOUGERA DIV ALTANA INC,,
581,E Z EM CO INC,,
582,E5 PHARMA INC,,
583,EAGLE PHARMACEUTICALS INC,14.612422997946611,
584,EASTMAN KODAK CO,,
585,EBEWE PHARMA GES MBH NFG KG,,
586,ECI PHARMACEUTICALS LLC,,
587,ECOLAB INC,,
588,ECR PHARMA,,
589,EDENBRIDGE PHARMACEUTICALS LLC,,
590,EDISON THERAPEUTICS LLC,,
591,EGIS PHARMACEUTICALS,,
592,EGIS PHARMACEUTICALS LTD,,
593,EGIS PLC,,
594,EIRGEN PHARMA LTD,13.279603011635867,
595,EISAI INC,17.68271705161061,10.622732717316905
596,ELI LILLY AND CO,15.387017221631773,5.463186695601576
597,ELI LILLY CO,,
598,ELI LILLY INDUSTRIES INC,,
599,ELITE LABORATORIES INC,,
600,ELITE PHARMACEUTICAL SOLUTION INC,,
601,ELKINS SINN DIV AH ROBINS CO INC,,
602,ELORAC INC,,
603,ELYSIUM PHARMACEUTICALS LTD,,
604,EMCURE PHARMACEUTICALS LTD,,
605,EMD SERONO INC,8.34741885514608,5.998631074606434
606,EMED MEDICAL CO LLC,,
607,EMERGENT BIODEFENSE OPERATIONS LANSING INC,12.727720739219713,7.000684462696784
608,EMERGENT BIODEFENSE OPERATIONS LANSING LLC,10.239561943874058,7.000684462696783
609,EMERGENT OPERATIONS IRELAND LTD,,
610,EMMAUS MEDICAL INC,,
611,EMPI INC,,
612,ENCUBE ETHICALS PRIVATE LTD,,
613,ENCUBE ETHICALS PVT LTD,,
614,ENDO OPERATIONS LTD,16.914353845134794,
615,ENDO PHARMACEUTICALS INC,16.21013004791239,
616,ENTASIS THERAPEUTICS INC,11.17453798767967,7.501711156741957
617,EPI HEALTH LLC,18.915811088295687,
618,EPIC PHARMA LLC,,
619,EPIZYME INC,12.894973001749184,6.467716176135067
620,ERSANA INC SUB ER SQUIBB AND SONS,,
621,ESI PHARMACAL,,
622,ESJAY PHARMA LLC,,
623,ESKAYEF PHARMACEUTICALS LTD,,
624,ESPERION THERAPEUTICS INC,17.419700080891047,6.379939020596105
625,ESSENTIAL ISOTOPES LLC,,
626,ETHITEK PHARMACEUTICALS CO,,
627,ETHYPHARM,,
628,ETHYPHARM SA,,
629,ETHYPHARM USA CORP,,
630,ETON PHARMACEUTICALS INC,12.67898699520876,
631,EUGIA PHARMA SPECIALITIES LTD,13.088751996349535,
632,EUROCEPT PHARMACEUTICALS,,
633,EUROHEALTH INTERNATIONAL SARL,,
634,EVEREST LIFE SCIENCES LLC,,
635,EVERYLIFE,,
636,EVOFEM INC,17.364899142408508,7.454255076431668
637,EVOKE PHARMA INC,9.57472051106548,
638,EVUS HEALTH SOLUTIONS LLC,,
639,EXELA HOLDINGS INC,,
640,EXELA PHARMA SCIENCES,,
641,EXELA PHARMA SCIENCES LLC,19.62072714095905,
642,EXELIXIS INC,15.159984149284918,11.059548254620124
643,EXELTIS USA INC,10.547570157426419,3.0006844626967832
644,EXTROVIS AG,,
645,EYENOVIA INC,8.19438740588638,3.0006844626967832
646,EYEPOINT PHARMACEUTICALS INC,16.908966461327857,
647,EZRA VENTURES LLC,,
648,FABRE KRAMER PHARMACEUTICALS INC,1.946611909650924,5.002053388090349
649,FACTA FARMACEUTICI SPA,,
650,FALCON PHARMACEUTICALS LTD,,
651,FAMYGEN LIFE SCIENCES INC,12.521560574948666,3.0006844626967832
652,FDC LTD,,
653,FEINSTEIN INSTITUTE MEDICAL RESEARCH,,
654,FENNEC PHARMACEUTICALS INC,16.777549623545518,5.000684462696783
655,FERA PHARMACEUTICALS LLC,,7.000684462696783
656,FERNDALE LABORATORIES INC,,
657,FERRER INTERNACIONAL SA,13.071868583162217,
658,FERRING PHARMACEUTICALS INC,17.294221179231446,
659,FERTIN PHARMA AS,,
660,FHTA LLC,,
661,FIDELITY BIOPHARMA CO USA,17.399041752224505,
662,FIRST TIME US GENERICS LLC,,
663,FISONS CORP,,
664,FLAMINGO PHARMACEUTICALS LTD,,
665,FLEMING AND CO PHARMACEUTICALS INC,,
666,FLORIDA PHARMACEUTICAL PRODUCTS LLC,,
667,FOLDRX PHARMACEUTICALS LLC A WHOLLY OWNED SUB OF PFIZER INC,8.57056810403833,7.000684462696784
668,FONSECA BIOSCIENCES LLC,16.66255989048597,
669,FOREST LABORATORIES INC,,
670,FOREST PHARMACEUTICALS INC,,
671,FORMOSA PHARMACEUTICALS INC,12.180698151950718,2.9979466119096507
672,FOSUN PHARMA USA INC,,
673,FOSUN WANBANG (JIANGSU) PHARMACEUTICAL GROUP CO LTD,,
674,FOUGERA PHARMACEUTICALS INC,,
675,FOUNDATION CONSUMER BRANDS LLC,,
676,FOUNDATION CONSUMER HEALTHCARE LLC,,
677,FOURRTS INDIA LABORATORIES PRIVATE LTD,,
678,FRANKLIN PHARMACEUTICALS INC,,
679,FRESENIUS KABI ANTI INFECTIVES SRL,,
680,FRESENIUS KABI AUSTRIA GMBH,,
681,FRESENIUS KABI DEUTSCHLAND GMBH,,
682,FRESENIUS KABI IPSUM SRL,,
683,FRESENIUS KABI ONCOLOGY PLC,,
684,FRESENIUS KABI USA LLC,20.862901035385637,6.802342383451213
685,FRESENIUS MEDICAL CARE NORTH AMERICA,17.12069358886607,
686,FRESENIUS USA INC,,
687,FUTURE PAK LTD,,
688,G AND W LABORATORIES INC,,
689,G POHL BOSKAMP GMBH AND CO,,
690,G POHL BOSKAMP GMBH AND CO KG,15.756331279945243,
691,GALDERMA LABORATORIES INC,,
692,GALDERMA LABORATORIES L P,,
693,GALDERMA LABORATORIES LP,15.154004106776181,3.0006844626967832
694,GALEN LTD,,
695,GALEN SPECIALTY PHARMA US LLC,,
696,GALEPHAR PHARMACEUTICAL RESEARCH INC,,3.0006844626967832
697,GALT PHARMACEUTICALS LLC,41.8507871321013,
698,GATE PHARMACEUTICALS,,
699,GATOR PHARMACEUTICALS INC,,
700,GAVIS PHARMACEUTICALS LLC,,
701,GD SEARLE LLC,,
702,GE HEALTHCARE,13.375770020533881,4.999315537303217
703,GE HEALTHCARE INC,4.698151950718686,4.999315537303217
704,GEDEON RICHTER USA INC,,
705,GEMINI LABORATORIES LLC,,
706,GENBIOPRO INC,,
707,GENENTECH INC,14.37430331475506,7.9982284494906795
708,GENERA PHARMACEUTICALS LLC,,
709,GENERAL ELECTRIC CO,,
710,GENEYORK PHARMACEUTICALS GROUP LLC,,
711,GENPHARM INC,,
712,GENSCO LABORATORIES LLC DBA GENSCO PHARMA,11.293634496919918,
713,GENSIA AUTOMEDICS INC,,
714,GENUS LIFE SCIENCES INC,31.728952772073924,
715,GENUS LIFESCIENCES INC,16.15879534565366,
716,GENZYME CORP,12.021060390670247,6.333561487565594
717,GENZYME CORPORATION,,
718,GERON CORP,5.574811772758385,6.997946611909652
719,GILBERT LABORATORIES,,
720,GILEAD SCIENCES INC,12.660338927045718,6.890727235059176
721,GILEAD SCIENCES LLC,20.878850102669404,
722,GISKIT PHARMA BV,14.229523157654574,
723,GLAND PHARMA LTD,,0.5722108145106092
724,GLAUKOS CORP,6.84394250513347,3.0006844626967832
725,GLAXO GROUP LTD DBA GLAXOSMITHKLINE,22.28336755646817,
726,GLAXO GROUP LTD ENGLAND DBA GLAXOSMITHKLINE,11.062842231348391,8.257357973990418
727,GLAXOSMITHKLINE,,
728,GLAXOSMITHKLINE CONSUMER HEALTHCARE,,
729,GLAXOSMITHKLINE CONSUMER HEALTHCARE HOLDINGS US LLC,,
730,GLAXOSMITHKLINE INTELLECTUAL PROPERTY DEVELOPMENT LTD ENGLAND,11.080976127617372,7.526351813826146
731,GLAXOSMITHKLINE INTELLECTUAL PROPERTY LTD ENGLAND,,
732,GLAXOSMITHKLINE INTELLECTUAL PROPERTY NO 2 LTD ENGLAND,8.206251425963952,4.999315537303217
733,GLAXOSMITHKLINE LLC,11.950327564290603,7.4168377823408616
734,GLENMARK GENERICS INC USA,,
735,GLENMARK PHARMACEUTICALS INC USA,,
736,GLENMARK PHARMACEUTICALS LTD,,
737,GLENMARK SPECIALTY SA,12.907141227469769,3.0006844626967832
738,GLENWOOD INC,,
739,GLOBAL BLOOD THERAPEUTICS INC,13.713767250847619,7.317256418827499
740,GLW PHARMA GMBH,,
741,GOLDLINE LABORATORIES INC,,
742,GRANATA BIO INC,,
743,GRANULES INDIA LTD,,
744,GRANULES PHARMACEUTICALS INC,,
745,GRAVITI PHARMACEUTICALS INC,,
746,GRAVITI PHARMACEUTICALS PRIVATE LTD,,
747,GRUPPO LEPETIT SPA SUB MERRELL DOW PHARMACEUTICALS INC,,
748,GUANGZHOU NOVAKEN PHARM CO LTD,,
749,GUARDIAN DRUG CO,,
750,GUARDIAN DRUG CO INC,,
751,GUERBET,13.397216518366415,4.999315537303217
752,GUERBET LLC,,
753,HAEMONETICS CORP,,
754,HAINAN POLY PHARM CO LTD,,
755,HAINAN POLY PHARMACEUTICAL CO LTD,,
756,HAINAN SHUANGCHENG PHARMACEUTICALS CO LTD,,
757,HALEON US HOLDINGS LLC,20.35218716943563,
758,HALOCARBON LABORATORIES DIV HALOCARBON PRODUCTS CORP,,
759,HALOCARBON PRODUCTS CORP,,
760,HALSEY DRUG CO INC,,
761,HAMELN PHARMA GMBH,,
762,HAMELN PHARMA PLUS GMBH,,
763,HAMELN RDS GMBH,,
764,HAMILTON PHARMACEUTICALS LTD,,
765,HANDA THERAPEUTICS LLC,17.13347022587269,3.0006844626967832
766,HANGZHOU MINSHENG BINJIANG PHARMACEUTICAL CO LTD,,
767,HANGZHOU ZHONGMEI HUADONG PHARMACEUTICAL CO LTD,,
768,HANSAMED INC,,
769,HARM REDUCTION THERAPEUTICS INC,8.788501026694044,
770,HARMAN FINOCHEM LTD,,
771,HARMONY BIOSCIENCES MANAGEMENT INC,9.054985169974904,8.71731690622861
772,HARROW EYE LLC,14.436173853524982,5.000684462696783
773,HATCHTECH PTY LTD,10.329911019849417,4.999315537303217
774,HBT LABS INC,,
775,HEALTHCARE PHARMACEUTICALS LTD,,
776,HEALTHPOINT LTD,,
777,HEATHER DRUG CO INC,,
778,HEC PHARM CO LTD,,
779,HEC PHARM USA INC,,
780,HELSINN BIREX PHARMACEUTICALS LTD,13.09285877253023,
781,HELSINN HEALTHCARE SA,13.8635286684568,6.0
782,HERAN PHARMACEUTICAL INC,,
783,HERITAGE LIFE SCIENCES BARBADOS INC,,
784,HERITAGE PHARMA LABS INC,,
785,HERITAGE PHARMA LABS INC DBA AVET PHARMA LABS INC,,
786,HERITAGE PHARMA LABS INC DBA AVET PHARMACEUTICALS LABS INC,,
787,HERITAGE PHARMACEUTICALS INC,,
788,HERITAGE PHARMACEUTICALS INC DBA AVET PHARMACEUTICALS INC,,
789,HERITAGE PHARMACEUTICALS LABS INC DBA AVET PHARMACEUTICALS LABS INC,,
790,HERON THERAPEUTICS INC,14.127494635812011,5.700205338809035
791,HESP LLC,,
792,HETERO LABS LTD,,
793,HETERO LABS LTD UNIT III,,
794,HETERO LABS LTD UNIT V,,
795,HETERO LABS LTD UNIT VI,,
796,HEXCEL CHEMICAL PRODUCTS,,
797,HEYL CHEMISCH PHARMAZEUTISHE FABRIK,,
798,HH AND P LLC,,
799,HIBROW HEALTHCARE PRIVATE LTD,,
800,HIKMA FARMACEUTICA (PORTUGAL) SA,,
801,HIKMA FARMACEUTICA LDA,,
802,HIKMA FARMACEUTICA PORTUGAL LDA,,
803,HIKMA FARMACEUTICA PORTUGAL SA,,
804,HIKMA FARMACEUTICA SA,,
805,HIKMA INTERNATIONAL PHARMACEUTICALS LLC,18.90485968514716,
806,HIKMA PHARM CO LTD,,
807,HIKMA PHARMACEUTICALS,,
808,HIKMA PHARMACEUTICALS CO LTD,,
809,HIKMA PHARMACEUTICALS INTERNATIONAL LTD,,
810,HIKMA PHARMACEUTICALS LLC,,
811,HIKMA PHARMACEUTICALS USA INC,15.090716106696823,2.169062286105407
812,HILL DERMACEUTICALS INC,,
813,HISAMITSU PHARMACEUTICAL CO INC,14.630701263144795,
814,HISUN PHARMACEUTICAL (HANGZHOU) CO LTD,,
815,HISUN PHARMACEUTICAL HANGZHOU CO LTD,,
816,HLR TECHNOLOGY,,
817,HOFFMANN LA ROCHE INC,17.096052931781884,
818,HOFFMANN-LA ROCHE INC,16.984531143052703,13.351129363449692
819,HOLLAND RANTOS CO INC,,
820,HONG KONG KING FRIEND INDUSTRIAL CO LTD,9.550171115674196,7.501711156741957
821,HOPE PHARMACEUTICALS,19.13288354356116,
822,HORIZON MEDICINES LLC,15.236139630390145,
823,HORIZON THERAPEUTICS IRELAND DAC,14.470838286681797,
824,HORIZON THERAPEUTICS US HOLDING LLC,17.637234770704996,
825,HORIZON THERAPEUTICS USA INC,15.067077344284735,8.499657768651607
826,HOSPIRA INC,17.92001564486164,12.418069815195071
827,HOSPIRA WORLDWIDE PTY,,
828,"HOSPIRA WORLDWIDE, INC",,
829,HOT SHOTS NUCLEAR MEDICINE LLC,,
830,HQ PHARMA SHANDONG CO LTD,,
831,HQ SPECIALTY PHARMA,,
832,HQ SPECIALTY PHARMA CORP,17.592255793487826,
833,HR CENCI LABORATORIES INC,,
834,HRA PHARMA RARE DISEASES,,
835,HUMANWELL PHARMACEUTICAL US INC,,
836,HUMANWELL PURACAP PHARMACEUTICAL WUHAN CO LTD,,
837,HUNTINGTON LABORATORIES INC,,
838,HUONS CO LTD,,
839,HYBIO PHARMACEUTICAL CO LTD,,
840,I 3 PHARMACEUTICALS LLC,,
841,I3 PHARMACEUTICALS LLC,,
842,IBSA INSTITUT BIOCHIMIQUE SA,20.066057931757612,
843,IC TARGETS AS,,
844,ICEUTICA OPERATIONS LLC,18.772530230435773,
845,ICU MEDICAL INC,,
846,IDENTIRX LLC,,0.5968514715947981
847,IDORSIA PHARMACEUTICALS LTD,12.188197482367647,5.252507216617564
848,IGI LABORATORIES INC,,
849,IMMUNEX CORP,,
850,IMP INC,,
851,IMPAX LABORATORIES INC,,
852,IMPAX LABORATORIES LLC,12.893756179177124,2.9979466119096507
853,IMPAX PHARMACEUTICALS,,
854,IMPEL PHARMACEUTICALS LLC,12.960985626283367,
855,IMPERIUM PHARMACEUTICALS LLC,,
856,INCYTE CORP,15.120853762449538,12.00029054743047
857,INDCHEMIE HEALTH SPECIALTIES PVT LTD,,
858,INDICUS PHARMA LLC,,
859,INDIES PHARMA JAMAICA LTD,,
860,INDIVIOR INC,13.396450572015254,9.924823180469998
861,INDOCO REMEDIES LTD,,0.5147159479808351
862,INFORLIFE SA,14.656810403832992,
863,INGENUS PHARMACEUTICALS LLC,,3.033538672142368
864,INGENUS PHARMACEUTICALS NJ LLC,,
865,INGRAM PHARMACEUTICAL CO,,
866,INNOCOLL PHARMACEUTICALS,10.546201232032853,
867,INNOCOLL PHARMACEUTICALS LTD,9.727583846680355,
868,INNOGENIX LLC,,
869,INNOPHARMA LICENSING LLC A SUB OF PFIZER INC,,
870,INSIGHT PHARMACEUTICALS CORP,,
871,INSMED INC,13.294161006686673,9.500342231348391
872,INSYS THERAPEUTICS INC,,
873,INTAS PHARMACEUTICALS USA,,
874,INTERCEPT PHARMACEUTICALS INC,17.41077539845507,
875,INTERNATIONAL ISOTOPES INC,,
876,INTERNATIONAL MEDICATED SYSTEMS LTD,,
877,INTERNATIONAL MEDICATION SYSTEM,,
878,INTERNATIONAL MEDICATION SYSTEMS LTD,,
879,INTERNATIONAL MINERALS CHEMICAL CORP,,
880,INTERPHARM INC,,
881,INTERPHARMA PRAHA AS,,
882,INTERSECT ENT INC,12.572993057592646,
883,INTRA-CELLULAR THERAPIES INC,13.502615164077332,
884,INTRA-SANA LABORATORIES LLC,,
885,INTRABIO INC,12.878850102669405,5.998631074606434
886,INVAGEN PHARMACEUTICALS INC,,
887,INVATECH PHARMA SOLUTIONS LLC,,
888,INVENTIA HEALTHCARE LTD,,
889,INVENTIA HEALTHCARE PRIVATE LTD,,
890,INWOOD LABORATORIES INC SUB FOREST LABORATORIES INC,,
891,IOMED INC,,
892,IONETIX CORP,,
893,IONIS PHARMACEUTICALS INC,8.919917864476385,
894,IPCA LABORATORIES LTD,,
895,IPHARM DIV LYPHOMED INC,,
896,IPR PHARMACEUTICALS INC,,
897,IPSEN BIOPHARMACEUTICALS INC,13.367181643362342,7.105285029823017
898,IPSEN PHARMA BIOTECH SAS,,
899,IRONSHORE PHARMACEUTICALS INC A WHOLLY OWNED SUB OF COLLEGIUM PHARMACEUTICAL INC,13.623545516769337,
900,IRONWOOD PHARMACEUTICALS INC,12.71336223286942,
901,ISO TEX DIAGNOSTICS INC,,
902,ISOLOGIC INNOVATIVE RADIOPHARMACEUTICALS LTD,,
903,ISOTEX DIAGNOSTICS,,
904,ISTITUTO BIOCHIMICO ITALIANO SPA,,
905,ISTX LLC,,7.498973305954825
906,ITALFARMACO SA,10.516084873374401,
907,ITALFARMACO SPA,7.5420944558521565,5.998631074606434
908,ITERUM THERAPEUTICS US LTD,12.156741957563312,7.498973305954825
909,IVAX PHARMACEUTICALS INC,,
910,IVAX PHARMACEUTICALS INC SUB TEVA PHARMACEUTICALS USA,,
911,IVAX RESEARCH INC,,
912,JANSSEN BIOTECH INC,13.176749328700048,5.388845618258633
913,JANSSEN PHARMACEUTICA PRODUCTS LP,,
914,JANSSEN PHARMACEUTICALS INC,13.89539229404033,12.57517136129478
915,JANSSEN PRODUCTS LP,13.505942380685708,
916,JANSSEN RESEARCH AND DEVELOPMENT LLC,,
917,JANSSEN THERAPEUTICS DIV JANSSEN PRODUCTS LP,11.367556468172486,10.460871549167237
918,JAVELIN PHARMACEUTICALS INC A WHOLLY OWNED SUDSIDIARY OF HOSPIRA INC,12.243668720054757,
919,JAZZ PHARMACEUTICALS INC,29.376761311336118,23.526351813826146
920,JAZZ PHARMACEUTICALS IRELAND LTD,13.218512083399148,7.473153266993102
921,JAZZ PHARMACEUTICALS RESEARCH UK LTD,17.533709787816566,8.184120465434633
922,JDP THERAPEUTICS LLC,10.375906913073239,
923,JDS PHARMACEUTICALS LLC,,
924,JEROME STEVENS PHARMACEUTICALS INC,10.680355920602327,
925,JIANGSU HANSOH PHARMACEUTICAL GROUP CO LTD,,
926,JIANGSU HENGRUI PHARMACEUTICALS CO LTD,,
927,JIANGXI KVVIT PHARMACEUTICAL CO LTD,,
928,JOHN D COPANOS AND CO INC,,
929,JOHN J FERRANTE,,
930,JOHNS HOPKINS UNIV,,
931,JOHNSON AND JOHNSON CONSUMER COMPANIES INC,,
932,JOHNSON AND JOHNSON CONSUMER INC MCNEIL CONSUMER HEALTHCARE DIV,,
933,JOHNSON AND JOHNSON CONSUMER PRODUCTS INC,,
934,JOHNSON AND JOHNSON MEDICAL INC,,
935,JOHNSON AND JOHNSON PHARMACEUTICAL RESEARCH AND DEVELOPMENT LLC,,
936,JOHNSON AND JOHNSON VISION CARE INC,7.208761122518823,3.0006844626967832
937,JOURNEY MEDICAL CORP,12.74031485284052,2.9979466119096507
938,JUBILANT CADISTA PHARMACEUTICALS INC,,
939,JUBILANT DRAXIMAGE INC,,
940,JUBILANT DRAXIMAGE INC DBA JUBILANT RADIOPHARMA,,
941,JUBILANT DRAXIMAGE RADIOPHARMACIES INC,,
942,JUBILANT DRAXIMAGE USA INC,,
943,JUBILANT GENERICS LTD,,
944,KADMON PHARMACEUTICALS LLC,13.493771389459274,6.0
945,KAI PHARMACEUTICALS INC A WHOLLY OWNED SUBSIDIARY OF AMGEN INC,15.492470910335387,
946,KALAPHARM INC,,
947,KALEO INC,13.200611241105964,
948,KAMAT PHARMATECH LLC,4.292950034223135,
949,KANCHAN HEALTHCARE INC,,
950,KARO HEALTHCARE INC,,
951,KARYOPHARM THERAPEUTICS INC,12.801251588931262,6.835957107004335
952,KASTLE THERAPEUTICS LLC,13.998631074606434,
953,KENDALL CO,,
954,KENTON CHEMICALS AND PHARMACEUTICALS CORP,,
955,KENVUE BRANDS LLC,,
956,KERYX BIOPHARMACEUTICALS INC,14.457677389915583,
957,KETTERING MEDCTR,,
958,KEY PHARMACEUTICALS INC SUB SCHERING PLOUGH CORP,,
959,KEY THERAPEUTICS LLC,13.626283367556468,
960,KINDEVA DRUG DELIVERY LP,,
961,KINDOS PHARMACEUTICALS CO LTD,,
962,KING PHARMACEUTICALS INC,,
963,KING PHARMACEUTICALS INC SUB PFIZER INC,,
964,KING PHARMACEUTICALS LLC,,
965,KING PHARMACEUTICALS RESEARCH AND DEVELOPMENT LLC,,
966,KING PHARMACEUTICALS RESEARCH AND DEVELOPMENT LLC A SUB OF PFIZER INC,23.43874058863792,
967,KM LEE LABORATORIES INC,,
968,KNACK PHARMACEUTICALS INC,,
969,KNIGHT THERAPEUTICS USA INC,,
970,KOWA CO LTD,,
971,KOWA PHARMACEUTICALS AMERICA INC,8.66960007822431,
972,KRAMER LABORATORIES INC,,
973,KREITCHMAN PET CENTER,,
974,KRKA DD NOVO MESTO,,
975,KRKA TOVARNA ZDRAVIL DD NOVO MESTO,,
976,KUDCO IRELAND LTD,,
977,KV PHARMACEUTICAL CO,,
978,KVK TECH INC,,
979,KW GRIFFEN CO,,
980,KYOWA KIRIN INC,8.223134839151268,
981,L PERRIGO CO,,
982,LA JOLLA PHARMA LLC,13.691908821272271,
983,LABORATOIRE HRA PHARMA,19.413415468856947,
984,LABORATOIRES JUVISE PHARMACEUTICALS,,
985,LABORATORIOS APLICACIONES FARMACEUTICAS SA DE CV,,
986,LABORATORIOS ATRAL SARL,,
987,LABORATORIOS FARMACEUTICOS ROVI SA,7.170431211498974,2.9979466119096507
988,LABORATORIOS GRIFOLS SA,,
989,LABORATORIOS SALVAT SA,13.900068446269678,
990,LACER PHARMA LLC,17.61806981519507,
991,LANDELA PHARMACEUTICAL,,
992,LANNETT CO INC,,
993,LANTHEUS MEDICAL IMAGING INC,24.78069815195072,
994,LARKEN LABORATORIES INC,,
995,LATINA PHARMA SPA,,
996,LAURUS LABS LTD,,
997,LAVIPHARM LABORATORIES INC,,
998,LAVIPHARM SA,,
999,LEADIANT BIOSCIENCES INC,,
1000,LEADING PHARMA LLC,,
1001,LEDERLE LABORATORIES DIV AMERICAN CYANAMID CO,,
1002,LEDERLE PARENTERALS INC,,
1003,LEES PHARMACEUTICAL HK LTD,,
1004,LEGACY PHARMA INC,17.140862422997948,
1005,LEGACY PHARMA USA INC,,
1006,LEINER HEALTH PRODUCTS INC,,
1007,LEITNER PHARMACEUTICALS LLC,,
1008,LEK PHARMACEUTICAL AND CHEMICAL CO DD,,
1009,LEO LABORATORIES LTD,15.228283189000983,
1010,LEO PHARMA AS,14.843453603207196,
1011,LEO PHARMACEUTICAL PRODUCTS LTD,,
1012,LEPU PHARMACEUTICAL TECHNOLOGY CO LTD,,
1013,LEXENPHARM SUZHOU LTD,,
1014,LEXICON PHARMACEUTICALS INC,5.773214693132558,5.002053388090349
1015,LG CHEM LTD,,
1016,LGM PHARMA SOLUTIONS LLC,,
1017,LIAONING CHENGDA BIOTECHNOLOGY CO LTD,,
1018,LIEBEL-FLARSHEIM CO LLC,,
1019,LIFE LABORATORIES INC,,
1020,LIFE MOLECULAR IMAGING LTD,14.99794661190965,
1021,LILLY RESEARCH LABORATORIES,,
1022,LILLY RESEARCH LABORATORIES DIV ELI LILLY AND CO,,
1023,LINDE GAS AND EQUIPMENT INC,,
1024,LIVZON GROUP PHARMACEUTICAL FACTORY,,
1025,LNHC INC,9.715666143254015,5.00205338809035
1026,LNK INTERNATIONAL INC,,
1027,LOCH PHARMACEUTICALS INC,,
1028,LONG GROVE PHARMACEUTICALS LLC,15.318275154004109,
1029,LOREAL USA PRODUCTS INC,,
1030,LOTUS PHARMACEUTICAL CO LTD,,
1031,LOTUS PHARMACEUTICAL CO LTD NANTOU PLANT,,
1032,LOXO ONCOLOGY INC,14.937713894592743,6.614647501711157
1033,LPI HOLDINGS INC,,
1034,LUITPOLD PHARMACEUTICALS INC,,
1035,LUKARE MEDICAL LLC,,
1036,LUMICELL INC,7.865389002966005,4.999315537303217
1037,LUNDBECK INC,,
1038,LUNDBECK NA LTD,,
1039,LUNDBECK PHARMACEUTICALS LLC,14.454678791434437,
1040,LUOXIN AUROVITAS PHARMA CHENGDU CO LTD,,
1041,LUPIN ATLANTIS HOLDING SA SWITZERLAND,,
1042,LUPIN INC,10.312641499499815,
1043,LUPIN LIMITED,,
1044,LUPIN LTD,15.813826146475018,0.6844626967830253
1045,LUPIN PHARMACEUTICALS INC,,
1046,LUYE INNOMIND PHARMA (SHIJIAZHUANG) CO LTD,14.70636550308008,
1047,LYNE LABORATORIES INC,,
1048,LYPHOMED DIV FUJISAWA USA INC,,
1049,MACLEODS PHARMACEUTICALS LTD,,
1050,MADRIGAL PHARMACEUTICALS INC,8.10841889117043,4.999315537303217
1051,MAIA PHARMACEUTICALS INC,18.88637919233402,
1052,MAINPOINTE PHARMACEUTICALS LLC,16.53388090349076,
1053,MALLARD INC,,
1054,MALLINCKRODT CHEMICAL INC,,
1055,MALLINCKRODT HOSP PRODUCTS IP LTD,29.167145790554414,
1056,MALLINCKRODT INC,16.532511978097194,
1057,MALLINCKRODT MEDICAL INC,,
1058,MALLINCKRODT PHARMACEUTICALS IRELAND LTD,15.969883641341546,6.0
1059,MANKIND PHARMA LTD,,
1060,MANUFACTURING CHEMISTS INC,,
1061,MARCHAR LABORATORIES INC LTD,,
1062,MARINUS PHARMACEUTICALS INC,6.870484447486501,6.0
1063,MARIUS PHARMACEUTICALS LLC,8.980835044490075,3.0006844626967832
1064,MARKSANS PHARMA LTD,,
1065,MARSAM PHARMACEUTICALS LLC,,
1066,MARSHALL PHARMACAL CORP,,
1067,MARTEC USA LLC,,
1068,MASSACHUSETTS GENERAL HOSP,,
1069,MATRIX MEDICAL CORP,,
1070,MAYER LABORATORIES INC,,
1071,MAYNE PHARMA COMMERCIAL LLC,,
1072,MAYNE PHARMA INC,,
1073,MAYNE PHARMA INTERNATIONAL PTY LTD,16.568752476674234,
1074,MAYNE PHARMA LLC,14.706926110622211,4.999315537303217
1075,MAYO CLINIC PET RADIOCHEMISTRY FACILITY,,
1076,MAYRAND INC,,
1077,MC2 THERAPEUTICS LTD,12.922655715263518,
1078,MCGAW INC,,
1079,MCGUFF PHARMACEUTICALS INC,,
1080,MCNEIL CONSUMER HEALTHCARE,,
1081,MCNEIL CONSUMER HEALTHCARE DIV MCNEIL PPC INC,,
1082,MCNEIL CONSUMER PRODUCTS CO DIV MCNEILAB INC,,
1083,MCNEIL PEDIATRICS,,
1084,MCNEIL PHARMACEUTICAL CO DIV MCNEILAB INC,,
1085,MD PHARMACEUTICAL INC,,
1086,MDD US OPERATIONS LLC,11.979009810631988,
1087,MDD US OPERATIONS LLC A SUB OF SUPERNUS PHARMACEUTICALS INC,,2.9979466119096507
1088,MEAD JOHNSON AND CO SUB BRISTOL MYERS CO,,
1089,MEDA PHARMACEUTICALS,,
1090,MEDA PHARMACEUTICALS INC,,
1091,MEDA PHARMACEUTICALS MEDA PHARMACEUTICALS INC,,
1092,MEDEFIL INC,,
1093,MEDEXUS PHARMA INC,12.605065023956193,4.999315537303217
1094,MEDI-PHYSICS INC DBA GE HEALTHCARE,24.673511293634498,
1095,MEDI-RADIOPHARMA LTD,,
1096,MEDICAP LABORATORIES,,
1097,MEDICINES DEVELOPMENT FOR GLOBAL HEALTH,,8.327173169062286
1098,MEDICINES360,20.46611909650924,11.33744010951403
1099,MEDICIS PHARMACEUTICAL CORP,,
1100,MEDICURE INTERNATIONAL INC,13.516769336071183,
1101,MEDIMETRIKS PHARMACEUTICALS INC,,
1102,MEDIMMUNE ONCOLOGY INC,,
1103,MEDLEY PHARMACEUTICALS LTD,,
1104,MEDLINE INDUSTRIES INC,,
1105,MEDPOINTE PHARMACEUTICALS MEDPOINTE HEALTHCARE INC,,
1106,MEDTECH PRODUCTS INC,,
1107,MEDUNIK CANADA INC,,
1108,MEITHEAL PHARMACEUTICALS INC,,
1109,MELINTA SUBSIDIARY CORP,11.379752348951527,7.498973305954825
1110,MELINTA THERAPEUTICS LLC,13.942961441934747,
1111,MEMORIAL SLOAN-KETTERING CANCER CENTER,,
1112,MENARINI INTERNATIONAL OPERATIONS LUXEMBOURG SA,,
1113,MERCK AND CO INC,23.41592516541182,15.868583162217659
1114,MERCK INC,,
1115,MERCK KGAA,,
1116,MERCK RESEARCH LABORATORIES DIV MERCK CO INC,,
1117,MERCK SHARP AND DOHME CORP,14.696602903562809,11.719147445999075
1118,MERCK SHARP AND DOHME CORP A SUB OF MERCK AND CO INC,14.001158321486864,6.276979237964864
1119,MERCK SHARP AND DOHME LLC,8.675090822934765,5.2116042752593055
1120,MERCK SHARP AND DOHME LLC A SUB OF MERCK AND CO INC,14.837841859357797,12.24229979466119
1121,MERICON INDUSTRIES INC,,
1122,MERIDIAN BIOSCIENCE ISRAEL LTD,,
1123,MERIDIAN MEDICAL TECHNOLOGIES INC,,
1124,MERIDIAN MEDICAL TECHNOLOGIES INC SUB KING PHARMACEUTICALS INC,17.15811088295688,
1125,MERIDIAN MEDICAL TECHNOLOGIES LLC,,7.000684462696783
1126,MERRO PHARMACEUTICAL CO LTD,,
1127,MERRO PHARMACEUTICAL USA INC,,
1128,MERZ PHARMACEUTICALS LLC,13.148802190280628,
1129,METABOLIC SOLUTIONS INC,,
1130,METACEL PHARMACEUTICALS LLC,19.94798083504449,
1131,METHAPHARM INC,,
1132,METRICS PHARMACEUTICAL VENTURES LLC,,
1133,METUCHEN PHARMACEUTICALS LLC,12.999315537303216,13.475701574264201
1134,MGI PHARMA INC,,
1135,MICRO LABS LTD,,
1136,MICRO LABS LTD INDIA,,
1137,MIDWEST MEDICAL ISOTOPES LLC CYCLOTRON DIV,,
1138,MIKART LLC,,
1139,MILES LABORATORIES INC,,
1140,MILLA PHARMACEUTICALS INC,,0.49828884325804246
1141,MILLICENT PHARMA LTD,13.06776180698152,
1142,MILLICENT PUERTO RICO LLC,16.922655715263517,2.9979466119096507
1143,MIPS CYCLOTRON AND RADIOCHEMISTRY FACILITY,,
1144,MIRROR PHARMACEUTICALS LLC,,
1145,MIRUM PHARMACEUTICALS INC,13.280971937029433,6.352372571205073
1146,MISEMER PHARMACEUTICALS INC,,
1147,MISSION PHARMACAL CO,19.381245722108144,17.293178188455396
1148,MITSUBISHI TANABE PHARMA CORP,17.763175906913073,5.000684462696783
1149,MIZA PHARMACEUTICALS USA INC,,
1150,MK LABORATORIES INC,,
1151,MLV PHARMA LLC,,
1152,MM MAST AND CO,,
1153,MN PHARMACEUTICALS,,
1154,MOBERG PHARMA NORTH AMERICA LLC,,
1155,MOBIUS THERAPEUTICS LLC,15.812183436002737,
1156,MOLNLYCKE HEALTH CARE,,
1157,MONARCH PHARMACEUTICALS INC,,
1158,MONARCH PHARMACEUTICALS LLC,,
1159,MONTEREY PHARMACEUTICALS LLC,,
1160,MORTON GROVE PHARMACEUTICALS INC,,
1161,MOUNTAIN LLC,,
1162,MOVA PHARMACEUTICALS CORP,,
1163,MSN LABORATORIES PRIVATE LTD,,
1164,MSN PHARMACEUTICALS INC,,
1165,MT ADAMS TECHNOLOGIES LLC,,
1166,MUNDIPHARMA GMBH,11.779016329324337,8.000912616929044
1167,MURO PHARMACEUTICAL INC,,
1168,MUTUAL PHARMACEUTICAL CO INC,,
1169,MYCOVIA PHARMACEUTICALS INC,11.359342915811087,7.500342231348391
1170,MYLAN ASI LLC,,
1171,MYLAN INSTITUTIONAL INC,,
1172,MYLAN INSTITUTIONAL LLC,,
1173,MYLAN INSTITUTIONAL LLC A VIATRIS CO,,
1174,MYLAN IRELAND LTD,10.160425018741241,7.3347022587268995
1175,MYLAN LABORATORIES LTD,,
1176,MYLAN LABORATORIES LTD A VIATRIS CO,,
1177,MYLAN PHARMACEUTICALS,,
1178,MYLAN PHARMACEUTICALS INC,17.474332648870636,
1179,MYLAN PHARMACEUTICALS INC A VIATRIS CO,,
1180,MYLAN PHARMACEUTICALS INC.,,
1181,MYLAN SPECIALTY LP,32.64950244827042,
1182,MYLAN SPECIALTY LP A VIATRIS CO,,
1183,MYLAN TECHNOLOGIES INC,,
1184,MYLAN TECHNOLOGIES INC A VIATRIS CO,,
1185,NAARI PTE LTD,,
1186,NAL PHARMACEUTICAL GROUP LTD,,
1187,NALPROPION PHARMACEUTICALS LLC,15.934723873338376,
1188,NANG KUANG PHARMACEUTICAL CO LTD,,
1189,NANJING DAOQUN PHARMACEUTICAL R AND D CO LTD,,
1190,NANJING DELOVA BIOTECH CO LTD,15.241615331964407,
1191,NANJING KING-FRIEND BIOCHEMICAL PHARMACEUTICAL CO LTD,,
1192,NANJING SIMCERE DONGYUAN PHARMACEUTICAL CO LTD,,
1193,NAPO PHARMACEUTICALS INC,18.830937713894592,
1194,NASKA PHARMACAL CO INC DIV RUGBY DARBY GROUP COSMETICS,,
1195,NATCO PHARMA LIMITED,,
1196,NATCO PHARMA LTD,,
1197,NATCO PHARMA USA LLC,,
1198,NATIONAL INSTITUTES HEALTH NATIONAL CANCER INSTITUTE DIV CANCER TREATMENT AND DIAGNOSIS,,
1199,NAVINTA LLC,,
1200,NCM USA BRONX LLC,,
1201,NE RX PHARMA LLC,,
1202,NEOS THERAPEUTICS,15.174811772758385,
1203,NEOS THERAPEUTICS INC,14.879671457905545,
1204,NEPHRON CORP,,
1205,NEPHRON PHARMACEUTICALS CORP,,
1206,NEPHRON PHARMACEUTICALS CORPORATION,,
1207,NESHER PHARMACEUTICALS USA LLC,,
1208,NEURELIS INC,7.576415371076561,7.631759069130732
1209,NEUROCRINE BIOSCIENCES INC,15.80099395887272,7.146195280183317
1210,NEW HEIGHTSRX LLC,,
1211,NEW RIVER PHARMACEUTICALS INC,,
1212,NEWTRON PHARMACEUTICALS INC,,
1213,NEXGEN PHARMA INC,,
1214,NEXTWAVE PHARMACEUTICALS INC,16.803559206023273,
1215,NEXTWAVE PHARMACEUTICALS INC A SUB OF TRIS PHARMA INC,18.115576415371077,
1216,NEXUS PHARMACEUTICALS LLC,19.260389165933315,
1217,NIAGARA PHARMACEUTICALS INC,,
1218,NIPPON SHINYAKU CO LTD,11.049965776865161,5.998631074606434
1219,NIVAGEN PHARMACEUTICALS INC,,
1220,NOBELPHARMA CO LTD,,5.000684462696783
1221,NODEN PHARMA DAC,19.42970568104038,
1222,NORBROOK LABORATORIES LTD,,
1223,NORDIC GROUP BV,,
1224,NORTEC DEVELOPMENT ASSOC INC,,
1225,NORTHLAND NUCLEAR MEDICINE LLC,,
1226,NORTHSTAR HEALTHCARE HOLDINGS,,
1227,NORTHSTAR HEALTHCARE HOLDINGS LTD,,
1228,NORTHSTAR MEDICAL RADIOISOTOPES LLC,,
1229,NORTON WATERFORD LTD,18.63612910019481,
1230,NORVIUM BIOSCIENCE LLC,20.224503764544835,
1231,NORWICH PHARMACEUTICALS INC,,
1232,NOSTRUM LABORATORIES INC,,
1233,NOSTRUM PHARMACEUTICALS LLC,,
1234,NOVA LABORATORIES LTD,,4.997946611909651
1235,NOVADAQ TECHNOLOGIES ULC,12.41615331964408,7.537303216974675
1236,NOVARTIS CONSUMER HEALTH INC,,
1237,NOVARTIS PHARMACEUTICAL CORP,11.16417326684267,6.638758252191385
1238,NOVARTIS PHARMACEUTICALS CORP,15.771000512827966,11.811634026303908
1239,NOVAST LABORATORIES CHINA LTD,,
1240,NOVAST LABORATORIES INC,,
1241,NOVAST LABORATORIES LTD,,
1242,NOVATECH SA,,
1243,NOVEL LABORATORIES INC,,
1244,NOVELGENIX THERAPEUTICS PVT LTD,,
1245,NOVEN PHARMACEUTICALS INC,13.49928921181488,3.0006844626967832
1246,NOVEN THERAPEUTICS LLC,,
1247,NOVITIUM PHARMA LLC,18.228610540725533,0.4928131416837782
1248,NOVO NORDISK INC,12.701473505734548,5.614261526506204
1249,NOVO NORDISK PHARMACEUTICALS INC,,
1250,NOVUGEN ONCOLOGY SDN BHD,,
1251,NOVUGEN PHARMA MALAYSIA SDN BHD,,
1252,NUKEMED INC DBA SPECTRONRX,,
1253,NUMARK LABORATORIES INC,,
1254,NUVO PHAMACEUTICALS INC,,
1255,NUVO PHARMACEUTICAL INC,,
1256,NUVO PHARMACEUTICALS (IRELAND) DAC,,
1257,NUVO PHARMACEUTICALS INC,19.95003422313484,
1258,NX DEVELOPMENT CORP,,
1259,NYLOS TRADING CO INC,,
1260,OCULAR THERAPEUTIX INC,16.3750855578371,
1261,OCUVEX THERAPEUTICS INC,11.792172235704061,4.999315537303217
1262,ODYSSEY PHARMACEUTICALS INC,,
1263,OHEMO LIFE SCIENCES INC,12.862422997946611,
1264,OHM CORP,,
1265,OHM LABORATORIES INC,,
1266,OHM LABORATORIES INC.,,
1267,OLTA PHARMACEUTICALS CORP,,
1268,OMNIVIUM PHARMACEUTICALS LLC,17.078713210130047,
1269,OMSAV PHARMA RESEARCH PRIVATE LTD,,
1270,ON TARGET LABORATORIES INC,11.75770020533881,5.348847821127082
1271,ONYX PHARMACEUTICALS INC A WHOLLY OWNED SUB OF AMGEN INC,10.965424263165536,
1272,OPTINOSE US INC,13.847658159773149,9.486652977412732
1273,OPTOPICS LABORATORIES CORP,,
1274,ORAPHARMA INC,,
1275,ORASIS PHARMACEUTICALS LTD,13.83709787816564,3.0006844626967832
1276,ORBICULAR PHARMACEUTICAL TECHNOLOGIES PRIVATE LTD,,
1277,ORBION PHARMACEUTICALS PRIVATE LTD,,
1278,ORCHID HEALTHCARE,,
1279,OREXO US INC,17.14377742883601,
1280,ORGANICS LAGRANGE INC,,
1281,ORGANON LLC,14.792607802874743,5.500342231348392
1282,ORGANON LLC A SUB OF ORGANON AND CO,23.263518138261468,
1283,ORGANON USA INC,,
1284,ORGANON USA LLC,18.191923340177958,
1285,ORGANON USA LLC A SUB OF ORGANON AND CO,,
1286,ORIENT PHARMA CO LTD,,
1287,ORION PHARMA,,
1288,ORPHALAN SA,17.013004791238878,5.000684462696784
1289,ORTHO MCNEIL JANSSEN PHARMACEUTICAL INC,,
1290,ORTHO MCNEIL JANSSEN PHARMACEUTICALS INC,,
1291,ORTHO MCNEIL PHARMACEUTICAL,,
1292,ORTHO MCNEIL PHARMACEUTICAL INC,,
1293,ORYZA PHARMACEUTICALS INC,,
1294,OSI PHARMACEUTICALS LLC,,
1295,OSMOTICA PHARMACEUTICAL CORP,,
1296,OSMOTICA PHARMACEUTICAL US LLC,14.617385352498289,
1297,OTSUKA AMERICA PHARMACEUTICALS INC,,
1298,OTSUKA PHARMACEUTICAL CO LTD,13.016591882779425,11.433291994497191
1299,OTSUKA PHARMACEUTICAL DEVELOPMENT AND COMMERCIALIZATION INC,22.223134839151268,
1300,OTTER PHARMACEUTICALS LLC,14.009725322143856,
1301,OVERSEAS PHARMACEUTICALS LTD,,
1302,OXFORD PHARMACEUTICALS LLC,,
1303,OYSTER POINT PHARMA INC,14.009582477754964,
1304,P AND L DEVELOPMENT LLC,,
1305,P AND L DEVELOPMENT LLC DBA PLD DEVELOPMENTS LLC,,
1306,PACIFIC PHARMA,,
1307,PACIFIC PHARMA INC,,
1308,PACIRA PHARMACEUTICALS INC,29.062574300226952,15.033538672142368
1309,PACO PHARMACEUTICAL SERVICES INC,,
1310,PACO RESEARCH CORP,,
1311,PADAGIS ISRAEL PHARMACEUTICALS LTD,,0.6461327857631759
1312,PADAGIS US LLC,22.0041067761807,
1313,PADDOCK LABORATORIES LLC,,
1314,PAI HOLDINGS LLC,,0.5010266940451745
1315,PAI HOLDINGS LLC DBA PHARMACEUTICAL ASSOCIATES INC,,
1316,PAI HOLDINGS LLC DBA PHARMACEUTICAL ASSOCIATES INC AND DBA PAI PHARMA,,
1317,PAL PAK INC,,
1318,PAMLAB LLC,,
1319,PANACEA BIOTEC PHARMA LTD,,
1320,PANGEA PHARMACEUTICALS LLC,,
1321,PANRAY CORP SUB ORMONT DRUG AND CHEMICAL CO INC,,
1322,PAR PHARMACEUTICAL,,
1323,PAR PHARMACEUTICAL INC,29.568788501026695,
1324,PAR STERILE PRODUCTS LLC,,
1325,PARAGON BIOTECK INC,20.65160848733744,
1326,PARATEK PHARMACEUTICALS INC,13.249007529089663,7.500342231348392
1327,PARENTA PHARMACEUTICALS INC,,
1328,PARKE DAVIS DIV WARNER LAMBERT CO,,
1329,PARKE DAVIS LABORATORIES DIV WARNER LAMBERT CO,,
1330,PARKE DAVIS PHARMACEUTICAL RESEARCH DIV WARNER LAMBERT CO,,
1331,PARKE-DAVIS DIVISION OF PFIZER INC,,
1332,PARKEDALE PHARMACEUTICALS INC,,
1333,PARNELL PHARMACEUTICALS INC,,
1334,PATHEON SOFTGELS BV,,
1335,PATRIN PHARMA INC,,
1336,PD PARTNERS III LLC,,
1337,PENN LIFE SCIENCES LLC,,
1338,PENNEX PRODUCTS CO INC,,
1339,PERRIGO CO,,
1340,PERRIGO ISRAEL PHARMACEUTICALS LTD,,
1341,PERRIGO LLC,,
1342,PERRIGO NEW YORK INC,,
1343,PERRIGO PHARMA INTERNATIONAL DAC,,
1344,PERRIGO PHARMA INTERNATIONAL DESIGNATED ACTIVITY CO,,
1345,PERRIGO R AND D CO,,
1346,PERSION PHARMACEUTICALS LLC,,
1347,PERSONAL PRODUCTS CO,,
1348,PETNET SOLUTIONS INC,,
1349,PF PRISM CV,12.428168084482254,10.67103587932178
1350,PFIPHARMECS DIV PFIZER INC,,
1351,PFIZER CENTRAL RESEARCH,,
1352,PFIZER CHEMICALS DIV PFIZER INC,,
1353,PFIZER GLOBAL RESEARCH DEVELOPMENT,,
1354,PFIZER INC,11.541253887628038,5.741751745858522
1355,PFIZER LABORATORIES DIV PFIZER INC,,
1356,PFIZER LABS,,
1357,PFIZER PHARMACEUTICALS INC,,
1358,PFIZER PHARMACEUTICALS LTD,,
1359,PFIZER PHARMACEUTICALS PRODUCTION CORP LTD,,
1360,PHARMA SERVE INC SUB TORIGIAN LABORATORIES,,
1361,PHARMAAND GMBH,14.301315689406037,8.174309833447412
1362,PHARMACARE LTD,,
1363,PHARMACEUTICAL ASSOC INC,,
1364,PHARMACEUTICAL ASSOC INC DIV BEACH PRODUCTS,,
1365,PHARMACEUTICAL ASSOCIATES INC,,
1366,PHARMACEUTICAL RESEARCH ASSOC INC,,
1367,PHARMACEUTICAL SPECIALIST ASSOC,,
1368,PHARMACEUTICAL VENTURES LTD,,
1369,PHARMACHEMIE BV,,
1370,PHARMACHEMIE USA INC,,
1371,PHARMACIA AND UPJOHN CO,,
1372,PHARMACIA AND UPJOHN CO LLC,,
1373,PHARMACIA CORP,,
1374,PHARMACOSMOS AS,11.64701280923047,4.999315537303217
1375,PHARMACYCLICS LLC,13.5052362538344,9.867556848852516
1376,PHARMADAX INC,,
1377,PHARMADERM DIV ALTANA INC,,
1378,PHARMAFAIR INC,,
1379,PHARMALOGIC HOLDINGS CORP,,
1380,PHARMALOGIC SOUTH CAROLINA LLC,,
1381,PHARMALUCENCE INC,,
1382,PHARMASCIENCE INC,,
1383,PHARMATON LTD,,
1384,PHARMAVITE PHARMACEUTICALS,,
1385,PHARMAXIS EUROPE LTD,,6.997946611909651
1386,PHARMERAL INC,,
1387,PHARMICS INC,,
1388,PHARMING TECHNOLOGIES BV,8.908966461327857,6.001368925393566
1389,PHARMOBEDIENT CONSULTING,,
1390,PHARMOBEDIENT CONSULTING LLC,,
1391,PHARMOS CORP,,
1392,PHATHOM PHARMACEUTICALS INC,6.442467107764849,5.190356681116435
1393,PHOENIX LABORATORIES INC,,
1394,PHOTOCURE ASA,26.910335386721425,
1395,PHYSICIANS PRODUCTS CO INC DIV INTERNATIONAL LATEX CORP,,
1396,PIERRE FABRE MEDICAMENT,14.5927446954141,
1397,PIERREL S.P.A.,,
1398,PINNACLE BIOLOGICS INC,,
1399,PIONEER PHARMACEUTICALS INC,,
1400,PIRAMAL CRITICAL CARE INC,,
1401,PIRAMAL CRITICAL CARE LTD,,
1402,PIRAMAL HEALTHCARE UK LTD,,
1403,PIRAMAL PHARMA LTD,,
1404,PLANO PHARMACEUTICALS INC,,
1405,PLD ACQUISITIONS LLC,,
1406,PLD ACQUISITIONS LLC DBA AVEMA PHARMA SOLUTIONS,,
1407,PLIVA HRVATSKA DOO,,
1408,PLIVA INC,,
1409,PLIVA INC AN INDIRECT WHOLLY OWNED SUB OF TEVA PHARMACEUTICALS USA INC,,
1410,PLIVA LACHEMA AS,,
1411,PLIVA PHARMACEUTICAL INDUSTRY INC,,
1412,PLX PHARMA INC,17.001140771161303,
1413,POHL BOSKAMP,32.167008898015055,
1414,POINTVIEW HOLDINGS LLC,,
1415,POLAREAN INC,12.588637919233403,4.999315537303217
1416,POLYGEN PHARMACEUTICALS INC,,
1417,POLYMEDICA INDUSTRIES INC,,
1418,POPULATION COUNCIL,,
1419,POPULATION COUNCIL CENTER FOR BIOMEDICAL RESEARCH,,
1420,PORTOLA PHARMACEUTICALS INC,11.448049281314168,
1421,POWDER PHARMACEUTICALS INC,25.99954369153548,
1422,PRAGMA PHARMACEUTICALS LLC,28.269404517453797,
1423,PRASCO LLC DBA PRASCO LABORATORIES,,
1424,PRAXGEN PHARMACEUTICALS INC,,
1425,PRAXGEN PHARMACEUTICALS LLC,,
1426,PRECISION DERMATOLOGY INC,,
1427,PRECISION DOSE INC,,
1428,PRECISION NUCLEAR LLC,,
1429,PRIMUS PHARMACEUTICALS INC,15.14031485284052,
1430,PRINSTON PHARMACEUTICAL INC,,
1431,PRIVATE FORMULATIONS INC,,
1432,PRM PHARMA LLC,,
1433,PROCTER AND GAMBLE PHARMACEUTICALS INC SUB PROCTER AND GAMBLE CO,,
1434,PROFESSIONAL DISPOSABLES INC,,
1435,PROGENICS PHARMACEUTICALS INC,10.701802418434864,5.285225383788012
1436,PROMIUS PHARMA LLC,,
1437,PROPEL PHARMA CORP,,
1438,PROTEGA PHARMACEUTICALS INC,9.46817248459959,
1439,PROTER LABORATORY SPA,,
1440,PROVENSIS LTD,16.2217659137577,
1441,PROVEPHARM SAS,15.10198494182067,6.645311430527036
1442,PROVIDENT PHARMACEUTICAL INC,,
1443,PTC THERAPEUTICS INC,,9.322381930184806
1444,PTS CONSULTING LLC,,
1445,PULMOFLOW INC,,
1446,PUMA BIOTECHNOLOGY INC,12.08021902806297,
1447,PURACAP PHARMACEUTICAL LLC,,
1448,PURDUE FREDERICK CO,,
1449,PURDUE PHARMA LP,15.484509631367949,2.9979466119096507
1450,PURDUE PHARMA PRODUCTS LP,14.900752908966462,
1451,PURE SOURCE LLC,,
1452,PUREPAC PHARMACEUTICAL CO,,
1453,PURPLE BIOTECH LTD,16.5678302532512,
1454,PYROS PHARMACEUTICALS INC,15.162217659137577,
1455,Q BIOMED INC,,
1456,QILU ANTIBIOTICS PHARMACEUTICAL CO LTD,,
1457,QILU PHARMACEUTICAL CO LTD,,
1458,QILU PHARMACEUTICAL HAINAN CO LTD,,
1459,QINGDAO BAHEAL PHARMACEUTICAL CO LTD,,
1460,QOL MEDICAL LLC,,
1461,QUAGEN PHARMACEUTICALS LLC,,
1462,QUANTUM PHARMICS LTD,,
1463,QUEEN HAMAMATSU PET IMAGING CENTER,,
1464,R AND S PHARMA INC,,
1465,R-PHARM US LLC,17.352498288843258,
1466,RACHELLE LABORATORIES INC,,
1467,RADIUS HEALTH INC,17.71088295687885,8.643394934976044
1468,RAFA LABORATORIES LTD,,
1469,RANBAXY INC,,
1470,RANBAXY LABORATORIES INC,,
1471,RANBAXY LABORATORIES LTD,,
1472,RANBAXY PHARMACEUTICALS INC,,
1473,RANBAXY SIGNATURE LLC,,
1474,RATIOPHARM,,
1475,RAYNER SURGICAL INC,19.599726214921287,
1476,RB HEALTH US LLC,,
1477,REACX PHARMACEUTICALS INC,,
1478,RECORDATI RARE DISEASES INC,11.745238263824966,7.127783920391723
1479,RECRO GAINESVILLE LLC,20.102327173169062,
1480,REDHILL BIOPHARMA LTD,15.466901339591278,5.500342231348392
1481,REED AND CARNRICK PHARMACEUTICALS DIV BLOCK DRUG CO INC,,
1482,RELIANCE LIFE SCIENCES PRIVATE LTD,,
1483,RELIANCE LIFE SCIENCES PVT LTD,,
1484,REMPEX PHARMACEUTICALS INC A WHOLLY OWNED SUB OF MELINTA THERAPEUTICS LLC,14.905886379192335,7.498973305954825
1485,RENAISSANCE PHARMA US HOLDINGS INC,,
1486,RENATA LTD,,
1487,RENEW PHARMACEUTICALS LTD,,
1488,RENOVA PHARMACEUTICALS LLC,,
1489,RESILIA PHARMACEUTICALS INC,17.78781656399726,
1490,RETROPHIN INC,,
1491,REXALL DRUG CO,,
1492,REXAR PHARMACAL,,
1493,REYOUNG CORPORATION,,
1494,RHODES PHARMACEUTICALS LP,,
1495,RHYTHM PHARMACEUTICALS INC,10.740588637919233,7.758286887650337
1496,RICONPHARMA LLC,,0.49555099247091033
1497,RIGEL PHARMACEUTICALS INC,13.712677770172638,6.526656019469161
1498,RILEY CONSUMER CARE LLC DBA CARLIN CONSUMER HEALTH,,
1499,RISING PHARMA HOLDING INC,,
1500,RISING PHARMA HOLDINGS INC,,
1501,RISING PHARMACEUTICALS,,
1502,RISING PHARMACEUTICALS INC,,
1503,RK PHARMA INC,,
1504,ROCHE PALO ALTO LLC,,
1505,ROCKWELL MEDICAL INC,11.908966461327857,
1506,ROCKWELL MEDICAL TECHNOLOGIES INC,,
1507,ROERIG DIV PFIZER INC,,
1508,ROMARK LABORATORIES,,
1509,RORER PHARMACEUTICAL CORP SUB RORER GROUP,,
1510,ROSS LABORATORIES DIV ABBOTT LABORATORIES INC,,
1511,ROUSES POINT PHARMACEUTICALS LLC,,
1512,ROXANE LABORATORIES INC,,
1513,ROYCE LABORATORIES INC,,
1514,RP SCHERER NORTH AMERICA,,
1515,RP SCHERER NORTH AMERICA DIV RP SCHERER CORP,,
1516,RUBICON RESEARCH LTD,,
1517,RUBICON RESEARCH PRIVATE LTD,,0.6461327857631759
1518,RVL PHARMACEUTICALS INC,17.362080766598222,
1519,RYAN LABORATORIES LLC,,
1520,SABA ILAC SANAYI VE TICARET AS,,
1521,SABA ILAC SANAYIVE TICARET AS,,
1522,SAGE PRODUCTS INC,21.093315080994753,
1523,SAGE THERAPEUTICS INC,11.808692676249144,5.9986310746064335
1524,SAGENT PHARMACEUTICALS,,
1525,SAGENT PHARMACEUTICALS INC,,
1526,SALERNO PHARMACEUTICALS,12.427104722792608,
1527,SALIX PHARMACEUTICALS INC,17.707621795371647,
1528,SAMSON MEDICAL TECHNOLOGIES LLC,,
1529,SANALUZ LLC,,
1530,SANDOZ,,
1531,SANDOZ CANADA INC,,
1532,SANDOZ CONSUMER HEALTH CARE GROUP DIV SANDOZ PHARMACEUTICALS CORP,,
1533,SANDOZ INC,23.614211934540478,
1534,SANKALP LIFECARE INC,,
1535,SANKYO USA CORP,,
1536,SANOCHEMIA CORP USA,,
1537,SANOFI AVENTIS US INC,18.901209217430985,
1538,SANOFI AVENTIS US LLC,18.543280857859916,6.0
1539,SANOFI GENZYME,18.023271731690624,
1540,SANTARUS INC,19.802874743326488,
1541,SANTEN INC,,
1542,SAPTALIS PHARMACEUTICALS LLC,15.675564681724847,
1543,SAREPTA THERAPEUTICS INC,9.817644727836017,6.399452429842574
1544,SARFEZ PHARMACEUTICALS INC,12.31211498973306,
1545,SATSUMA PHARMACEUTICALS INC,,
1546,SAVAGE LABORATORIES INC DIV ALTANA INC,,
1547,SAVIOR LIFETEC CORP,,
1548,SAWAI USA INC,,
1549,SB PHARMCO PUERTO RICO INC,,
1550,SCHERER LABORATORIES INC,,
1551,SCHERING CORP,,
1552,SCHERING CORP SUB SCHERING PLOUGH CORP,,
1553,SCHERING PLOUGH CORP,,
1554,SCHERING PLOUGH HEALTHCARE PRODUCTS INC,,
1555,SCHIFF AND CO,,
1556,SCHWARZ PHARMA INC,,
1557,SCIARRA LABORATORIES INC,,
1558,SCIECURE LABORATORIES INC,,
1559,SCIECURE PHARMA INC,,
1560,SCIEGEN PHARMACEUTICALS INC,,
1561,SCIENTURE LLC,16.569472963723477,
1562,SCILEX PHARMACEUTICALS INC,15.371014806008864,
1563,SCINOPHARM TAIWAN LTD,,
1564,SCIOS LLC,,
1565,SCPHARMACEUTICALS INC,11.488021902806297,3.0006844626967832
1566,SCS PHARMACEUTICALS,,
1567,SCYNEXIS INC,13.633401779603012,6.498745151722565
1568,SEAGEN INC,12.890828199863108,6.878165639972622
1569,SEBELA IRELAND LTD,21.15592060232717,
1570,SEBELA WOMENS HEALTH INC,8.735850050018428,2.997946611909651
1571,SECURA BIO INC,13.088447790706518,7.000684462696783
1572,SENORES PHARMACEUTICALS INC,,
1573,SENTISS AG,,
1574,SENTISS PHARMA PRIVATE LTD,,
1575,SENTYNL THERAPEUTICS INC,4.557028187418331,5.877418953394312
1576,SEPTODONT HOLDING SAS,,
1577,SEPTODONT INC,,
1578,SERVIER PHARMACEUTICALS LLC,14.99902734248352,8.138837854389568
1579,SETON PHARMACEUTICAL LLC,,
1580,SETON PHARMACEUTICALS LLC,,
1581,SHANDONG ANXIN PHARMACEUTICAL CO LTD,,
1582,SHANDONG LUYE PHARMACEUTICAL CO LTD,9.240246406570842,
1583,SHANDONG NEW TIME PHARMACEUTICAL CO LTD,,
1584,SHANDONG XINHUA PHARMACEUTICAL CO LTD,,
1585,SHANGHAI AUCYUN PHARMACEUTICALS CO LTD,,
1586,SHANGHAI HENGRUI PHARMACEUTICAL CO LTD,,
1587,SHENZHEN TECHDOW PHARMACEUTICAL CO LTD,,
1588,SHERTECH LABORATORIES LLC,,
1589,SHERWOOD MEDICAL CO,,
1590,SHIELD TX UK LTD,14.458590006844625,
1591,SHILPA MEDICARE LTD,16.158247775496235,
1592,SHIONOGI INC,15.202372804015516,7.501711156741957
1593,SHIONOGI USA INC,,
1594,SHIRE DEVELOPMENT INC,,
1595,SHIRE DEVELOPMENT LLC,,
1596,SHIRE RICHWOOD INC,,
1597,SHORLA ONCOLOGY,15.427789185489392,
1598,SHORLA PHARMA LTD,14.609171800136892,
1599,SHREE HARI INTERNATIONAL LLC,,
1600,SI PHARMACEUTICALS LLC,,
1601,SIGA TECHNOLOGIES INC,10.115141835881055,7.000684462696783
1602,SIGHT PHARMACEUTICALS INC,,
1603,SIGMAPHARM LABORATORIES LLC,,
1604,SINOTHERAPEUTICS INC,,
1605,SINTETICA US LLC,,
1606,SK LIFE SCIENCE INC,15.953456536618752,4.999315537303217
1607,SKG PHARMA INC,,
1608,SKYEPHARMA AG,,
1609,SLATE RUN PHARMACEUTICALS LLC,,
1610,SLAYBACK PHARMA LLC,,
1611,SMITH AND NEPHEW SOLOPAK DIV SMITH AND NEPHEW,,
1612,SMITHKLINE BEECHAM CORP DBA GLAXOSMITHKLINE,,
1613,SOAPCO INC,,
1614,SOBI INC,7.045402692219941,6.0
1615,SOFGEN PHARMACEUTICALS,,
1616,SOFGEN PHARMACEUTICALS LLC,,
1617,SOFIE CO DBA SOFIE,,
1618,SOFIE CO DBA SOFIE (FKA ZEVACOR PHARMA INC),,
1619,SOLA BARNES HIND,,
1620,SOLA PHARMACEUTICALS,,
1621,SOLARIS PHARMA CORP,,
1622,SOLENO THERAPEUTICS INC,6.7351129363449695,
1623,SOLIS PHARMACEUTICALS INC,,
1624,SOLOPAK LABORATORIES INC,,
1625,SOLOPAK MEDICAL PRODUCTS INC,,
1626,SOLUBIOMIX LLC,,
1627,SOLVAY PHARMACEUTICALS,,
1628,SOMERSET PHARMACEUTICALS INC,,
1629,SOMERSET THERAPEUTICS LLC,,0.5123203285420944
1630,SORIN BIOMEDICA SPA,,
1631,SOVEREIGN PHARMACEUTICALS LLC,20.996577686516083,
1632,SPECGX LLC,,
1633,SPECIALITY EUROPEAN PHARMA LTD,,
1634,SPECTRA MEDICAL DEVICES INC,,
1635,SPECTRUM PHARMACEUTICALS INC,,
1636,SPERTI DRUG PRODUCTS INC,,
1637,SPH ZHONGXI PHARMACEUTICAL CO LTD,,
1638,SPRIASO LLC,,
1639,SPRINGWORKS THERAPEUTICS INC,16.346462572335263,5.84524920664551
1640,SPROUT PHARMACEUTICALS INC,12.725530458590006,
1641,SQUARE PHARMACEUTICALS LTD,,
1642,SQUARE PHARMACEUTICALS PLC,,
1643,ST RENATUS LLC,13.757700205338809,
1644,STANDARD HOMEOPATHIC CO,,
1645,STANLABS PHARMACEUTICAL CO SUB SIMPAK CORP,,
1646,STASON PHARMACEUTICALS INC,,
1647,STEMLINE THERAPEUTICS INC,10.661533196440793,4.999315537303217
1648,STERI PHARMA LLC,,
1649,STERIMAX INC,,
1650,STERINOVA INC,,
1651,STERISCIENCE PTE LTD,15.38945927446954,
1652,STERISCIENCE SPECIALITIES PTE LTD,,0.6844626967830253
1653,STERLING HEALTH DIV STERLING WINTHROP INC,,
1654,STERLING WINTHROP INC,,
1655,STIEFEL LABORATORIES INC,,
1656,STIRA PHARMACEUTICALS LLC,,
1657,STORZ OPHTHALMICS INC SUB AMERICAN CYANAMID CO,,
1658,STRIDES PHARMA GLOBAL PTE LTD,,0.5530458590006845
1659,STRIDES SOFTGELS PTE LTD,,
1660,STRONGBRIDGE DUBLIN LTD,9.332991101984941,6.0
1661,STUART PHARMACEUTICALS DIV ICI AMERICAS,,
1662,SUCAMPO PHARMA AMERICAS LLC,19.696098562628336,
1663,SUMITOMO PHARMA AMERICA INC,12.46966149116803,
1664,SUMITOMO PHARMA SWITZERLAND GMBH,12.445965472659518,4.651304281694426
1665,SUMMIT BIOSCIENCES LLC,,2.9979466119096507
1666,SUN PHARMA GLOBAL FZE,,
1667,SUN PHARMA GLOBAL INC,,
1668,SUN PHARMA INDUSTRIES LTD,16.933607118412045,
1669,SUN PHARMACEUTICAL INDUSTRIES INC,24.362569668524493,5.39958932238193
1670,SUN PHARMACEUTICAL INDUSTRIES LTD,15.077681827984211,4.999315537303217
1671,SUN PHARMACEUTICAL INDUSTRIES LTD.,,
1672,SUNNY PHARMTECH INC,,
1673,SUNOVION PHARMACEUTICALS INC,15.817567875884098,
1674,SUNSHINE LAKE PHARMA CO LTD,,
1675,SUNSTAR AMERICAS INC,,
1676,SUPERGEN INC,,
1677,SUPERNUS PHARMACEUTICALS INC,12.690969696411635,4.536618754277892
1678,SUPERPHARM CORP,,
1679,SUVEN PHARMACEUTICALS LTD,,
1680,SVC PHARMA LP,,
1681,SWEDISH ORPHAN BIOVITRUM AB PUBL,16.854209445585216,
1682,SWISS PHARMACEUTICAL CO LTD,,
1683,SYMPLMED PHARMACEUTICALS LLC,,
1684,SYNDAX PHARMACEUTICALS INC,12.56125941136208,6.498288843258043
1685,SYNTHON BV,,
1686,SYNTHON PHARMACEUTICALS INC,,
1687,SYNTHON PHARMACEUTICALS LTD,,
1688,SYOSSET LABORATORIES INC,,
1689,TABLICAPS INC,,
1690,TAGI PHARMA INC,,
1691,TAIHO ONCOLOGY INC,16.157517681953,7.767556468172485
1692,TAKEDA CHEMICAL INDUSTRIES LTD,,
1693,TAKEDA PHARMACEUTICALS NORTH AMERICA INC,,
1694,TAKEDA PHARMACEUTICALS USA INC,14.56924099784533,11.998116513997505
1695,TAMARANG SA,,
1696,TAP PHARMACEUTICAL PRODUCTS INC,,
1697,TARGACEPT INC,,
1698,TARO PHARMACEUTICAL INDUSTRIES LTD,44.266940451745384,
1699,TARO PHARMACEUTICALS INC,17.49555099247091,
1700,TARO PHARMACEUTICALS IRELAND LTD,,
1701,TARO PHARMACEUTICALS NORTH AMERICA INC,,
1702,TARO PHARMACEUTICALS USA INC,,
1703,TARSUS PHARMACEUTICALS INC,14.278918548939084,5.002053388090349
1704,TECHNOLOGY ORGANIZED LLC,,
1705,TEDOR PHARMA INC,,
1706,TEIKOKU PHARMA USA INC,,
1707,TELIGENT OU,,
1708,TELIGENT PHARMA INC,,
1709,TELIX INNOVATIONS SA,10.354551676933607,
1710,TELIX PHARMACEUTICALS US INC,13.609856262833675,
1711,TENSHI KAIZEN PVT LTD,,
1712,TERSERA THERAPEUTICS LLC,11.849828884325804,
1713,TETRAPHASE PHARMACEUTICALS INC,14.50924024640657,6.616016427104722
1714,TEVA BRANDED PHARMACEUTICAL PRODUCTS R AND D INC,15.191735112936346,
1715,TEVA BRANDED PHARMACEUTICAL PRODUCTS R AND D LLC,18.339692212580868,
1716,TEVA NEUROSCIENCE INC,10.311673765845878,3.0006844626967832
1717,TEVA PARENTERAL MEDICINES INC,,
1718,TEVA PHARMACEUTICAL INDUSTRIES LTD,14.002052371058111,5.543197648669325
1719,TEVA PHARMACEUTICALS DEVELOPMENT INC,,
1720,TEVA PHARMACEUTICALS INC,14.934976043805612,
1721,TEVA PHARMACEUTICALS INTERNATIONAL GMBH,13.998631074606434,
1722,TEVA PHARMACEUTICALS USA,,
1723,TEVA PHARMACEUTICALS USA INC,,
1724,TEVA WOMENS HEALTH INC,,
1725,TEYRO LABS PRIVATE LTD,,
1726,TG THERAPEUTICS INC,13.113963039014374,4.999315537303217
1727,TG UNITED INC,,
1728,THE ACME LABORATORIES LTD,,
1729,THE FEINSTEIN INSTITUTE FOR MEDICAL RESEARCH,,
1730,THE GENERAL HOSPITAL CORP,,
1731,THE J MOLNER CO OU,,
1732,THE MEDICINES CO,25.819888530360807,
1733,THE METHODIST HOSP RESEARCH INSTITUTE,,
1734,THE RITEDOSE CORP,,
1735,THEA PHARMA INC,15.23750855578371,
1736,THEPHARMANETWORK LLC,,
1737,THERACOSBIO LLC,7.227013461099703,4.999315537303217
1738,THERAGEN INC,,
1739,THERAGNOSTICS INC,,
1740,THERAKOS DEVELOPMENT LTD,,
1741,THERAVIA PHARMA,,
1742,THINKRX LLC,,
1743,THINQ PHARMA-CRO PRIVATE LTD,,
1744,TIANJIN KINGYORK PHARMACEUTICALS CO LTD,,
1745,TIANJIN TIANYAO PHARMACEUTICALS CO LTD,,
1746,TILDE SCIENCES LLC,,
1747,TJ ROACO LTD,,
1748,TOLMAR INC,16.99794661190965,
1749,TOLMAR INTERNATIONAL LTD,21.642710472279262,
1750,TONIX MEDICINES INC,12.607574720511066,
1751,TOPIDERM INC,,
1752,TOPROL ACQUISITION LLC,,
1753,TORCH LABORATORIES INC,,
1754,TORRENT PHARMA INC,,0.6899383983572895
1755,TORRENT PHARMACEUTICALS LIMITED,,
1756,TORRENT PHARMACEUTICALS LLC,,
1757,TORRENT PHARMACEUTICALS LTD,,
1758,TORRENT PHARMACEUTICALS LTD.,,
1759,TRACE LIFE SCIENCES INC,,
1760,TRAVERE THERAPEUTICS INC,7.110198494182067,6.849190052475474
1761,TREVENA INC,11.394934976043805,4.999315537303217
1762,TRI-SOURCE PHARMA LLC,,
1763,TRIAX PHARMACEUTICALS LLC,,
1764,TRIPOINT THERAPEUTICS,8.156057494866529,
1765,TRIS PHARMA INC,10.037062387507287,
1766,TRUPHARMA LLC,,
1767,TRUSTEES OF THE UNIV OF PENNSYLVANIA,,
1768,TWI PHARMACEUTICALS INC,15.62217659137577,
1769,UBI PHARMA INC,,
1770,UCB INC,15.190839502916814,7.0428187128917745
1771,UCLA BIOMEDICAL CYCLOTRON,,
1772,UCSF RADIOPHARMACEUTICAL FACILITY,,
1773,UDL LABORATORIES INC,,
1774,ULTRAGENYX PHARMACEUTICAL INC,6.914442162902122,5.998631074606434
1775,ULTRATAB LABORATORIES INC,,
1776,ULURU INC,,
1777,UMEDICA LABORATORIES PRIVATE LTD,,
1778,UNICHEM LABORATORIES LIMITED,,
1779,UNICHEM LABORATORIES LTD,,
1780,UNIMARK REMEDIES LTD,,
1781,UNIQUE PHARMACEUTICAL LABORATORIES,,
1782,UNIQUE PHARMACEUTICAL LABORATORIES A DIV OF JB CHEMICALS AND PHARMACEUTICALS LTD,,
1783,UNITED GUARDIAN INC,,
1784,UNITED RESEARCH LABORATORIES LLC,,
1785,UNITED STATES ARMY OFFICE SURGEON GENERAL,,
1786,UNITED STATES ARMY WALTER REED ARMY INSTITUTE RESEARCH,,
1787,UNITED THERAPEUTICS CORP,13.455897786903948,8.148756559434178
1788,UNIV ALABAMA AT BIRMINGHAM,,
1789,UNIV ARIZONA CANCER CENTER,,
1790,UNIV CALIFORNIA LOS ANGELES,,4.999315537303217
1791,UNIV IOWA HOSPS AND CLINICS PET IMAGING CENTER,,7.000684462696783
1792,UNIV MICHIGAN PET RADIOPHARMACEUTICAL PRODUCTION PROGRAM,,
1793,UNIV OF CALIFORNIA SAN FRANCISCO,,4.999315537303217
1794,UNIV SOUTHERN CALIFORNIA DBA USC MOLECULAR IMAGING CENTER,,
1795,UNIV TEXAS MD ANDERSON CANCER CENTER,,
1796,UNIV TEXAS SOUTHWESTERN MEDCTR,,
1797,UNIV UTAH CYCLOTRON RADIOCHEMISTRY LAB,,
1798,UNIV WISCONSIN SYSTEM,,
1799,UPJOHN MANUFACTURING IRELAND UNLTD,,
1800,UPJOHN US 2 LLC,9.307323750855579,
1801,UPSHER SMITH LABORATORIES INC,,
1802,UPSHER SMITH LABORATORIES LLC,19.151884480360334,
1803,UROGEN PHARMA LTD,10.765229295003422,6.997946611909651
1804,UROVANT SCIENCES GMBH,12.668035592060232,5.991786447638604
1805,US ANTIBIOTICS LLC,,
1806,US ARMY MEDICAL RESEARCH AND MATERIAL COMMAND,,
1807,US ARMY MEDICAL RESEARCH MATERIEL COMMAND,,
1808,US CHEMICAL MARKETING GROUP INC,,
1809,USL PHARMA INC,,
1810,USL PHARMA LLC,,
1811,USPHARMA LTD,,
1812,USV PRIVATE LTD,,
1813,USWM LLC,,5.000684462696783
1814,UT SOUTHWESTERN MEDCTR,,
1815,UTILITY THERAPEUTICS LTD,,
1816,UTOPIC PHARMACEUTICALS INC,,
1817,VALE CHEMICAL CO INC,,
1818,VALEANT INTERNATIONAL BARBADOS SRL,,
1819,VALEANT INTERNATIONAL BERMUDA,,
1820,VALEANT INTERNATIONAL SRL,,
1821,VALEANT PHARMACEUTICALS INTERNATIONAL,21.04928131416838,
1822,VALEANT PHARMACEUTICALS LUXEMBOURG SARL,,
1823,VALEANT PHARMACEUTICALS NORTH AMERICA,,
1824,VALEANT PHARMACEUTICALS NORTH AMERICA LLC,,
1825,VALIDUS PHARMACEUTICALS INC,,
1826,VALIDUS PHARMACEUTICALS LLC,,
1827,VALINOR PHARMA LLC,15.772758384668034,
1828,VANCOCIN ITALIA SRL,11.54551676933607,
1829,VANDA PHARMACEUTICALS INC,17.001602447960703,11.698482103313605
1830,VANGARD LABORATORIES INC DIV MIDWAY MEDICAL CO,,
1831,VANSEN PHARMA,,
1832,VANTIVE US HEALTHCARE LLC,,
1833,VELOXIS PHARMACEUTICALS INC,12.945775344132633,
1834,VELZEN PHARMA PVT LTD,,
1835,VERITY PHARMACEUTICALS INC,10.978977217170236,3.000684462696783
1836,VERO BIOTECH INC,8.553958475929727,
1837,VERONA PHARMA INC,12.396988364134156,4.999315537303217
1838,VEROSCIENCE LLC,22.403201179381877,
1839,VERRICA PHARMACEUTICALS INC,14.009582477754961,5.002053388090349
1840,VERTEX PHARMACEUTICALS INC,9.327038616566337,7.895682585944228
1841,VERTICAL PHARMACEUTICALS LLC,9.889377790815162,
1842,VESSELON SPV LLC,,
1843,VESTAL LABORATORIES DIV CHEMED CORP,,
1844,VIATRIS SPECIALITY LLC,,
1845,VIATRIS SPECIALTY LLC,17.37966619280788,21.35763175906913
1846,VICURON HOLDINGS LLC,,
1847,VIFOR (INTERNATIONAL) INC,6.220396988364134,4.999315537303217
1848,VIFOR FRESENIUS MEDICAL CARE RENAL PHARMA FRANCE,16.964345715885756,13.842573579739904
1849,VIFOR PHARMA INC,12.202943189596168,8.961670088980151
1850,VIIV HEALTHCARE CO,9.719641612865432,5.31494617634248
1851,VINTAGE PHARMACEUTICALS,,
1852,VINTAGE PHARMACEUTICALS INC,,
1853,VINTAGE PHARMACEUTICALS LLC,,
1854,VIRTUS PHARMACEUTICAL INC,,
1855,VIRTUS PHARMACEUTICALS LLC,,
1856,VISTA PHARMACEUTICALS INC,,
1857,VISTAPHARM INC,,
1858,VISTAPHARM LLC,,
1859,VISUM PHARMACEUTICAL CO LTD,,
1860,VITARINE PHARMACEUTICALS INC,,
1861,VITRUVIAS THERAPEUTICS LLC,,
1862,VIVUS LLC,16.21994067989961,14.046543463381246
1863,VIWIT PHARMACEUTICAL CO LTD,,
1864,VKT PHARMA PRIVATE LTD,,
1865,VYTERIS INC,,
1866,WARNER CHILCOTT BERMUDA LTD,,
1867,WARNER CHILCOTT CO LLC,,
1868,WARNER CHILCOTT DIV WARNER LAMBERT CO,,
1869,WARNER CHILCOTT INC,,
1870,WASHINGTON UNIV SCH MEDICINE CYCLOTRON FACILITY,,
1871,WASHINGTON UNIV SCHOOL MEDICINE,,
1872,WATSON LABORATORIES,,
1873,WATSON LABORATORIES INC,,
1874,WATSON LABORATORIES INC AN INDIRECT WHOLLY OWNED SUB OF TEVA PHARMACEUTICALS USA INC,,
1875,WATSON LABORATORIES INC FLORIDA,,
1876,WATSON LABS INC,,
1877,WATSON PHARMACEUTICALS INC,,
1878,WATSON PHARMACEUTICALS INC AN INDIRECT WHOLLY OWNED SUB OF TEVA PHARMACEUTICALS USA INC,,
1879,WAYLIS THERAPEUTICS LLC,19.141683778234086,
1880,WE PHARMACEUTICALS INC,,
1881,WEILL MEDICAL COLLEGE CORNELL UNIV,,
1882,WENDT LABORATORIES INC,,
1883,WES PHARMA INC,,
1884,WEST WARD PHARMACEUTICAL CORP,,
1885,WEST WARD PHARMACEUTICALS CORP,,
1886,WEST-WARD PHARMACEUTICAL CORP,,
1887,WEST-WARD PHARMACEUTICALS INTERNATIONAL LTD,,
1888,WESTMINSTER PHARMACEUTICALS LLC,,
1889,WESTWOOD SQUIBB PHARMACEUTICALS INC,,
1890,WHARTON LABORATORIES INC DIV US ETHICALS,,
1891,WHITBY PHARMACEUTICALS INC,,
1892,WHITEWORTH TOWNE PAULSEN INC,,
1893,WILLIAM P POYTHRESS AND CO INC,,
1894,WILSHIRE PHARMACEUTICALS INC,,
1895,WINDER LABORATOIRIES LLC,,
1896,WISCONSIN MEDICAL RADIOPHARMACY LLC,,
1897,WOCKHARDT BIO AG,,
1898,WOCKHARDT EU OPERATIONS (SWISS) AG,,
1899,WOCKHARDT EU OPERATIONS SWISS AG,,
1900,WOCKHARDT LTD,,
1901,WOCKHARDT USA INC,,
1902,WOMEN FIRST HEALTHCARE INC,,
1903,WOODWARD PHARMA SERVICES LLC,,
1904,WOODWARD SPECIALTY LLC,,
1905,WORLD GEN LLC,,
1906,WRASER PHARMACEUTICALS LLC,,
1907,WUXI FORTUNE PHARMACEUTICAL CO LTD,,
1908,WYETH AYERST LABORATORIES,,
1909,WYETH AYERST RESEARCH,,
1910,WYETH CONSUMER HEALTHCARE,,
1911,WYETH PHARMACEUTICALS INC,,
1912,WYETH PHARMACEUTICALS INC SUB PFIZER INC,,
1913,WYETH PHARMACEUTICALS LLC,17.196897102441252,26.390143737166323
1914,X GEN PHARMACEUTICALS INC,,
1915,X-GEN PHARMACEUTICALS INC,,
1916,X4 PHARMACEUTICALS INC,13.63769107916952,5.9986310746064335
1917,XANODYNE PHARMACEUTICALS INC,,
1918,XANODYNE PHARMACEUTICS INC,,
1919,XCOVERY HOLDINGS INC,7.0102669404517455,4.999315537303217
1920,XELLIA PHARMACEUTICALS APS,,
1921,XERIS PHARMACEUTICALS INC,16.400030420564303,
1922,XGEN PHARMACEUTICALS DJB INC,,
1923,XIAMEN LP PHARMACUETICAL CO LTD,16.84188911704312,
1924,XIROMED LLC,,
1925,XIROMED PHARMA ESPANA SL,,
1926,XTTRIUM LABORATORIES INC,,
1927,YABAO PHARMACEUTICAL CO LTD BEIJING,,
1928,YAMANOUCHI EUROPE BV,,
1929,YANGTZE RIVER PHARMACEUTICAL GROUP CO LTD,,
1930,YAOPHARMA CO LTD,,
1931,YICHANG HUMANWELL PHARMACEUTICAL CO LTD,,
1932,YILING PHARMACEUTICAL LTD,,
1933,YOSHITOMI PHARMACEUTICAL INDUSTRIES LTD,,
1934,YUNG SHIN PHARMACEUTICAL INDUSTRIAL CO LTD,,
1935,ZAMBON SPA,,
1936,ZAMBON SPA ITALY,,
1937,ZAMEER PHARMACEUTICALS LLC,,
1938,ZEALAND PHARMA US INC,13.331964407939767,4.999315537303217
1939,ZENNOVA PHARMACEUTICALS CHENGDU CO LTD,,
1940,ZEVRA DENMARK AS,4.855122062514259,5.9986310746064335
1941,ZEVRA THERAPEUTICS,11.904722792607803,
1942,ZHEJIANG HISUN PHARMACEUTICAL CO LTD,,
1943,ZHEJIANG JINGXIN PHARMACEUTICAL CO LTD,,
1944,ZHEJIANG JIUZHOU BIOPHARMA CO LTD,,
1945,ZHEJIANG JUTAI PHARMACEUTICAL CO LTD,,
1946,ZHEJIANG NOVUS PHARMACEUTICALS CO LTD,,
1947,ZHEJIANG POLY PHARM CO LTD,,
1948,ZHEJIANG XIANJU PHARMACEUTICAL CO LTD,,
1949,ZHEJIANG YONGTAI PHARMACEUTICAL CO LTD,,
1950,ZHUHAI BEIHAI BIOTECH CO LTD,11.561943874058864,
1951,ZMI PHARMA INC,18.633812457221083,
1952,ZO SKIN HEALTH,,
1953,ZUREX PHARMA,10.41556663733255,
1954,ZYDUS HEALTHCARE USA LLC,,
1955,ZYDUS LIFESCIENCES GLOBAL FZE,11.356605065023956,
1956,ZYDUS LIFESCIENCES LTD,,
1957,ZYDUS PHARMACEUTICALS USA INC,,
1958,ZYDUS WORLDWIDE DMCC,,
1959,ZYLA LIFE SCIENCES US INC,16.250140003733435,
1960,ZYLA LIFE SCIENCES US LLC,,
